0,label
0.1140360102479757,0
0.39553633752147765,0
0.07887556746199324,0
0.11969382225433527,0
0.07181803385416667,0
0.09246717825443787,0
0.3112408495324803,0
0.12000844820663811,0
0.2755390888935811,0
0.2116641773897059,1
0.07022659866898148,0
0.20063062764830508,0
0.23282661550516223,1
0.21063767817982457,0
0.17133895210597827,0
0.4059879954268293,0
0.1130546875,0
0.21701738911290322,0
0.2465219587933754,1
0.35637297453703703,1
0.12025784465020577,0
0.12187144298427152,0
0.2125508532546083,0
0.24802628482680722,0
0.18307712524736147,0
0.31420090024834435,1
0.23114279042119565,0
0.23921782394935345,0
0.3591670866935484,0
0.15153296199845678,1
0.17054300604116945,0
0.1726795767965587,0
0.24642312315088757,0
0.15553728070175438,1
0.20600715569690264,0
0.23927932997881357,0
0.2050429521980932,0
0.2680084745762712,0
0.08862872456395349,0
0.13835291708669356,0
0.03786613717900302,0
0.18772366431451612,1
0.12629744508311744,0
0.14228588231877323,0
0.2078206663763066,0
0.17405634341032608,1
0.11099790010838151,0
0.12804707915940766,0
0.06860050154320987,0
0.03683169428913738,0
0.035844550075301206,0
0.110419921875,0
0.2745625263935811,1
0.08131727430555556,0
0.17653601694915255,0
0.26248429648241206,1
0.3718772710755814,1
0.15597837334437087,0
0.1168207367081448,1
0.07454427083333333,0
0.2357592536407767,0
0.15788863877118645,0
0.14763123312114199,0
0.2165051218879668,0
0.2503203864353312,0
0.23908479945866143,0
0.11779738386015326,1
0.14418037452889448,1
0.17850790646477663,0
0.12167727623456791,0
0.1487454251126126,0
0.19823443700396826,0
0.13975477430555555,0
0.14196969883675079,0
0.15563206214689265,0
0.4500341322815534,0
0.09510498046875,0
0.2097457627118644,0
0.145185546875,0
0.23114279042119565,0
0.3378414897798742,0
0.04819563633419689,0
0.1870880126953125,0
0.22884180478238866,0
0.46938083315855705,1
0.09223726512526652,0
0.23319649402006173,0
0.2593860554245283,0
0.07887144346494933,0
0.1244491023720855,0
0.1562099769467213,0
0.26337082941729323,0
0.38846278731108314,1
0.08491331579161249,0
0.16190101360452586,0
0.2324388096098266,1
0.2010928199404762,0
0.09651430191532258,0
0.14596900463765602,0
0.27547970333614863,1
0.33080349078757226,0
0.11159157898073023,0
0.15205342060810811,0
0.13284317301570459,0
0.1179108955490757,0
0.22537441485323886,0
0.15799779647435896,1
0.046960825006206554,0
0.15428807713963963,0
0.07286504955242967,0
0.09302558273565574,0
0.08710398616251683,0
0.2976888020833333,0
0.3846463673675115,0
0.13774025889121339,0
0.12818161984707446,0
0.10724683077830188,1
0.19883984375,0
0.141430901092233,0
0.15726179929123713,1
0.086173828125,1
0.10918348332597173,0
0.18089321203399122,0
0.08180366128177965,1
0.34377844356796117,0
0.10172293526785714,0
0.18229896726583114,0
0.13142265369689543,1
0.18247349330357143,0
0.05674609375,0
0.2205909309263754,0
0.14160443474264706,1
0.02788975139776358,0
0.14131856465840842,0
0.4040561158240997,0
0.11761041026297814,0
0.2428084356936416,1
0.06010084885817308,0
0.20532440720942982,0
0.3706020779079861,0
0.07277903837316177,0
0.08584167317127565,0
0.4372186723923841,1
0.2611995369061086,0
0.10868355681146571,1
0.10323750720046083,0
0.17797191722972974,0
0.4313060619212963,1
0.09439338235294117,0
0.045730374690155805,0
0.14776574337121212,0
0.08206715303308823,1
0.1216674940774805,0
0.029570997807017545,0
0.16753034070665082,0
0.11740801411290322,0
0.13034622373726656,1
0.12360625906088918,0
0.022968181128640776,0
0.11352962427745665,0
0.08445645734597157,0
0.10793289483762254,0
0.11796226360701106,0
0.15427209654850746,0
0.4595906844991722,0
0.1174010014628984,0
0.11663903842787114,0
0.09170223017621146,0
0.14735187124140894,0
0.1667335855836237,0
0.06820213188559322,0
0.3036015625,1
0.2518207097457627,0
0.2739271644830028,0
0.20380715762867646,0
0.1049206303615196,0
0.2871298547875276,1
0.2442788733057229,0
0.1209294357846062,0
0.1633000674833887,0
0.057536001516507555,0
0.06922566389837184,0
0.45048828125,0
0.13791926104323307,0
0.07112856264467593,0
0.23875294811320755,0
0.14231710829493088,1
0.094609375,0
0.19666158741918102,0
0.11608263001824817,0
0.09553249883828996,0
0.08334697456228474,0
0.07357415151678141,0
0.10666075589364035,0
0.19863770819591028,0
0.12952157275169685,0
0.1134993555080483,0
0.2736778846153846,0
0.2036938224871134,0
0.14489531935307018,0
0.15538014797185432,0
0.07428505979938271,0
0.12938573338963963,0
0.185185546875,0
0.08752109375,0
0.394189927184466,0
0.11991661871458924,0
0.19205167923850575,0
0.14809895833333334,0
0.28779449462890627,0
0.4107353742732558,1
0.16017676601890757,0
0.09245228891356153,0
0.22706609320557491,1
0.1757598132621951,0
0.25171966552734376,1
0.08772786458333333,0
0.1011241824127907,0
0.07228394699812382,0
0.032347927203757225,0
0.03413498077610873,0
0.10853886667216359,0
0.22894235819327732,0
0.2502337956832627,0
0.24387718803694158,0
0.1429091631355932,0
0.18899696751644737,0
0.26458022173713236,0
0.2068988347457627,0
0.06566881497048255,1
0.09179901658442982,0
0.17700070112179486,0
0.12809244791666666,0
0.046085400209107806,1
0.07424714909709193,0
0.12368353481950431,0
0.3345373496648265,0
0.1498706769743724,0
0.13789662143640352,0
0.06743662844422044,0
0.22357177734375,0
0.29609765625,1
0.19317552821356276,0
0.2106909421410891,0
0.38323287458609273,0
0.35836999393203883,1
0.357421875,1
0.07791981798537234,0
0.19609375,0
0.11978759765625,0
0.43235936347713866,1
0.07104444781553398,0
0.1501185099283854,1
0.0968442922273371,0
0.19217591366525424,0
0.10077203714622641,0
0.08739906669463088,0
0.20904209145981087,0
0.11686197916666667,0
0.05543587076005025,0
0.15629757612179487,1
0.14450446150249377,0
0.19609375,0
0.24468931217783504,0
0.10128928195224719,0
0.15688094778806586,1
0.07829865651150628,0
0.12472938629518072,0
0.1201701792635659,0
0.06970156061898074,0
0.12239691121688742,1
0.19489661376182965,0
0.3912716427364865,0
0.43514873798076925,0
0.10481309399162371,0
0.03242231822049924,0
0.3402540775767544,0
0.2036477481617647,0
0.1032534605704698,0
0.17044154575892856,0
0.16854345271017698,0
0.31614192452017714,0
0.05039911684782609,0
0.1861021274937656,0
0.10161596145072993,0
0.28672630352209943,1
0.05835456486806495,0
0.0926849807518116,0
0.1880263076678894,0
0.26624098557692305,0
0.1465844828713389,0
0.13035924226334952,0
0.12536715721899225,0
0.18502324307126697,0
0.28762090773809523,0
0.061936183529005526,0
0.09737230383831522,0
0.2108420138888889,0
0.10575754236806187,0
0.07244743184840426,0
0.1337890625,1
0.11719326143067847,0
0.14148513956850534,0
0.1133640095338983,0
0.08716451898416593,0
0.09505316121688742,0
0.09734871374309392,0
0.11467729810996563,0
0.17152419599514562,0
0.4620431082589286,1
0.12390489523121387,0
0.12377569598082595,0
0.16364602481617646,0
0.2122548267560423,0
0.12078788325471698,0
0.0657498857035284,0
0.15962989936440677,0
0.120478515625,0
0.1702827785326087,0
0.02838639567669173,0
0.1132286795734489,0
0.015552662037037037,0
0.16318359375,1
0.38622375698024053,1
0.1366027494820442,1
0.076201702135181,0
0.18954301778242677,0
0.05232223252118644,1
0.4755078125,1
0.2119518583289749,0
0.09361306895380435,0
0.10513067658687175,0
0.0943475979477612,0
0.23415013363486842,0
0.0879528569240196,0
0.16967385912698413,0
0.18929279384328357,0
0.076663395263267,0
0.07344559054113185,0
0.475292141154661,1
0.4426991747889871,0
0.3788336431226766,1
0.4107351173642534,0
0.09036303323412699,0
0.18740931919642856,0
0.14966647907838984,0
0.27587085765796704,0
0.05399625847138554,0
0.2992760762352507,0
0.06666482732424442,0
0.11294722992819843,0
0.18476738987198796,0
0.08118927490004704,0
0.07856170224471831,0
0.17191215183423914,1
0.059935338288834954,0
0.2360297309027778,0
0.11464149305555556,0
0.03970703125,0
0.3304608012354651,0
0.12111247464970501,0
0.09751760223765432,0
0.20504239710365854,1
0.1192845224544702,0
0.1632795662715517,0
0.09784656434547244,0
0.113625587066474,0
0.13976705949858756,0
0.16868220949635923,0
0.4023322157972441,1
0.10985224664548023,0
0.11430398799044265,0
0.12121298146802326,0
0.16360348481861198,0
0.09012276785714286,0
0.20265073639354067,0
0.39482879638671875,0
0.23964329769736842,0
0.05712371176861702,0
0.06820213188559322,0
0.11328492128759399,0
0.18619318918568464,0
0.10279827353395062,0
0.09989940671992481,0
0.12915301579301075,0
0.07725025651641705,0
0.19293317762027493,0
0.07927798528740876,0
0.26896913928264604,1
0.205281195239486,0
0.15053828393470792,0
0.1137966579861111,0
0.3841681229440789,0
0.09331403459821429,0
0.34426967075892856,0
0.09359706662735849,1
0.1544170673076923,0
0.3579470850840336,0
0.12950846354166667,0
0.08622034584603659,0
0.17191490760216346,0
0.2163978794642857,0
0.34430262839147285,0
0.1288697250246063,1
0.10984061104910714,0
0.34040700356791337,0
0.07191870047894985,0
0.05950212359725686,0
0.23687243852459017,0
0.054984868958938955,0
0.1804571088576159,0
0.13115133698453607,0
0.073961539748394,0
0.09341305738304094,0
0.3918756534618959,1
0.12011503173289183,0
0.08920068678513073,0
0.07364874803870293,0
0.04845339752906977,1
0.08821251426217039,0
0.3937071373020362,0
0.09016111339001591,0
0.3817639802631579,1
0.305029899691358,1
0.05582989386792453,0
0.3942329694037657,1
0.13188351362179487,0
0.2523203125,0
0.4248439462939699,1
0.05761244690533981,0
0.09587030825407608,0
0.308729856271777,1
0.3631862153942953,1
0.1418639566296729,0
0.09330685399159663,0
0.10492439404814488,0
0.11468864889705882,0
0.16131203712066475,1
0.13170412561576356,0
0.07647633272058824,0
0.09395391822318008,0
0.45937414336622806,0
0.19700849817154256,0
0.21622451883278146,0
0.18921811681733167,0
0.1456023185483871,0
0.07457449776785714,0
0.27356675091911764,1
0.4566456864519817,0
0.126404710591133,0
0.3226396484375,0
0.44851938883463544,0
0.26459110893218624,0
0.01808143028846154,0
0.19111663219975492,0
0.30290234375,1
0.14530381944444445,0
0.32927336516203703,1
0.3891885080645161,0
0.30413841391509433,1
0.09651430191532258,0
0.1137338381761696,0
0.16907068201013514,0
0.3178228997564935,0
0.0988702146364119,0
0.04886608046558705,0
0.21061837332589287,0
0.14439692727695166,0
0.07408606487771739,0
0.22872944750816993,0
0.20520454085760517,0
0.22250020135309279,0
0.26933507519315675,0
0.13154900934278352,0
0.3212459335567823,1
0.15767447404035434,0
0.1680471887550201,0
0.1152699229481456,0
0.08177881780660377,0
0.07437561863687783,0
0.1788538769759953,1
0.13529429041353383,0
0.04494365706319703,0
0.18240927419354838,0
0.19050436580882352,0
0.26944034657579785,0
0.31365244875672044,0
0.09744435436320754,0
0.229095458984375,0
0.16290437940140845,0
0.12214980014534883,0
0.21380433941831684,0
0.10607183958923513,1
0.15998509987113402,1
0.05238615337171053,0
0.07017921121474067,0
0.06812741241092636,0
0.22437299856448764,0
0.0833304778874269,0
0.38354334677419355,0
0.2699642958144796,0
0.06795531693504367,0
0.3893200468356423,1
0.084640183708159,0
0.2290989408557047,0
0.07347866451793722,0
0.3486700542902542,1
0.08082310511115955,0
0.1395269297235023,0
0.20444730201863354,0
0.19377593132062146,0
0.09994830554840371,0
0.09343618997713414,0
0.10694136480437666,0
0.23403546668046357,0
0.3818258698453608,1
0.07443048257743363,0
0.07435709635416667,0
0.152590855895749,0
0.06483390399948559,0
0.14325924196105072,0
0.09740492876838236,0
0.38011714132683216,1
0.13641767198542404,0
0.37906208444148937,1
0.19914593612938597,0
0.06535195821273516,0
0.055737024066091954,0
0.3182459677419355,0
0.2542918183656958,0
0.4198671414085546,0
0.10175083705357142,0
0.21354842275943398,0
0.09767838362809066,0
0.03970703125,0
0.21600341796875,0
0.12368353481950431,0
0.3285847775222081,0
0.252922117248062,1
0.42911830357142855,0
0.20168445984162897,0
0.08891022245762711,0
0.09800502232142858,0
0.30389769945276496,0
0.04290613906518933,0
0.09401332310267857,0
0.10684313322368422,0
0.3810187445746528,1
0.16504548725328946,0
0.06455899828074434,0
0.14988731971153846,0
0.16388235740291263,0
0.08493083493880327,0
0.10982473273026316,0
0.04308446983381503,0
0.14329176682692307,1
0.12169363839285714,0
0.1427822844076655,0
0.10314453125,0
0.06782082950367647,0
0.25794525849654376,0
0.20094739670721476,0
0.09905598958333334,0
0.10952016469594594,0
0.1977639531893004,0
0.28804177135678394,1
0.05548593414699571,0
0.13550921670751634,1
0.05206701844669849,0
0.09636655061141304,0
0.07967734375,0
0.3950317893566946,1
0.06526515794836957,1
0.3976708127741228,1
0.10896809895833333,0
0.26780956466763006,1
0.1348849826388889,0
0.0672648912678891,0
0.1695514547413793,0
0.14389780405405406,1
0.06273445799398017,0
0.36427176339285716,0
0.10008938029661017,0
0.19480028339460784,0
0.18554221360381862,0
0.1890621258381226,0
0.11472397648083624,0
0.14529927571614584,1
0.1558941340042373,0
0.07474685224514563,0
0.23347101984797297,0
0.06986350574712644,0
0.05878185835040984,0
0.33127483742774566,0
0.09902464313271606,0
0.2612777828246124,0
0.26513671875,1
0.069244384765625,0
0.14174896816037735,0
0.22199776785714287,0
0.045839051942567564,0
0.12893924197635134,1
0.1544330128949814,0
0.03680599437040441,0
0.09705092100849731,0
0.08433788178733032,0
0.12138216260453345,0
0.1380101254111842,0
0.2328599473811054,0
0.07733332069174757,0
0.4441125408496732,1
0.18385170990566038,0
0.019564863564311596,0
0.432836997959622,0
0.23248088179758308,0
0.4144155054419525,0
0.18785682091346154,0
0.03480955216078067,0
0.07677722052444795,0
0.04234440104166667,0
0.25774528719635625,0
0.14323096512430938,0
0.02122965129857997,0
0.2207567168445122,0
0.10113916256157636,0
0.17255596858198924,0
0.03842133225293542,0
0.14807846966911764,0
0.12635672433035713,0
0.3888613342862776,0
0.12354507618510158,0
0.3952652887003311,0
0.13668559510030864,1
0.1312127976190476,0
0.18294460089631784,0
0.08520604924920445,0
0.19743811565896738,0
0.35804943110318793,0
0.05335314520474138,0
0.3004841176114341,0
0.2036382299270073,0
0.17659282802795032,0
0.1100693214636007,0
0.11397671034611553,0
0.22440862553533192,0
0.09304131401909722,0
0.13129248322740114,0
0.0868559337797619,0
0.15128130888819097,0
0.1355644030448718,0
0.12426204345088161,1
0.12325574577861163,0
0.10632285710764984,0
0.14238403831066945,0
0.16425943111187846,0
0.10998721050126904,0
0.09168604800575658,0
0.05656582097011784,0
0.3816960206505848,0
0.27284975405092593,1
0.22910241913377194,0
0.22866668701171874,0
0.17695630081300814,1
0.11292732802013423,0
0.2791161300069061,1
0.10887588310506241,0
0.30634911380597013,1
0.16425943111187846,0
0.30462687447567116,0
0.143798828125,0
0.07104127798507463,0
0.40559334590517243,1
0.3853796961565097,1
0.27294369103773586,0
0.15099158653846154,0
0.18336881144662923,0
0.48681857638888887,1
0.3891575168918919,0
0.08815765380859375,0
0.31698869977678573,0
0.10974876348920863,0
0.24376379925271738,0
0.396580927789548,0
0.07737462660845588,0
0.11756766183035715,0
0.11819298508275261,1
0.15722369025735294,0
0.18949590492824772,0
0.3401814398364486,1
0.1995875040690104,0
0.12397203947368421,1
0.23984876971378505,0
0.14875312931629833,1
0.05155237973317095,0
0.15454864501953125,0
0.027312474468954247,0
0.36706599745639534,1
0.09742257254464286,1
0.0732092013888889,0
0.1688996112992611,0
0.17250804805276382,0
0.33746595126915707,1
0.23270389951508622,0
0.17720986086572438,0
0.12838584498355263,1
0.21315839213709678,0
0.3535803694751381,0
0.15143153464147288,1
0.13071114676339285,0
0.1007827640503876,0
0.35272866107047873,1
0.08836231766986706,0
0.39227872620884774,1
0.1360798287898936,0
0.036808350669319825,0
0.38861799568965516,0
0.0903882941100823,0
0.11697896321614583,0
0.17587179221854304,1
0.09693057234116022,0
0.3841681229440789,0
0.2176967343151341,0
0.12050998263888889,0
0.3225988051470588,1
0.15645392922794119,0
0.3549888154380342,0
0.42853668099442377,0
0.03379871457122093,0
0.13656519158568906,0
0.10843984651060071,0
0.1205168776371308,0
0.16856166294642858,0
0.40661431347150256,1
0.0976566662670503,0
0.4886731391585761,0
0.21926933800795054,0
0.11353998754396248,0
0.1626890120967742,0
0.09024821536641725,0
0.10244574652777778,0
0.1104977785885989,0
0.06603682170542635,0
0.43168578395953755,1
0.14370459841008773,0
0.10742491409491702,0
0.3468598090277778,0
0.06932533271364495,0
0.40328675365120276,0
0.01135151897632312,0
0.06225892390167364,0
0.08585135938950789,0
0.093125,0
0.12376644736842106,1
0.31843324318910254,0
0.10115713443396226,0
0.432809589714404,1
0.11534747969632768,0
0.38226042320979897,1
0.1352084847383721,0
0.0860979494168357,0
0.11587826236263736,0
0.05550877871024735,1
0.15680709941275167,0
0.13206352621822035,1
0.13326888347989949,0
0.24880022321428572,0
0.09959080917300381,0
0.18503577686915887,1
0.06963974760649742,0
0.10802813024328858,0
0.1009894507030558,0
0.08629111842105264,0
0.12815956561426117,0
0.42424515168970817,1
0.07699230683553972,0
0.20319733796296297,0
0.09769452382719715,0
0.19956120228607382,0
0.341796875,1
0.05450439453125,0
0.4085679328304598,1
0.12804667154947916,0
0.06336002543940795,0
0.36987760416666665,0
0.04015900367914244,0
0.45631205741995073,1
0.3582184355137712,0
0.10219100560897436,0
0.15475981293252594,0
0.15122317828341014,0
0.028583029042119564,0
0.08301459418402778,0
0.24153268574089404,0
0.1593248241772824,0
0.09365277019650654,0
0.04873691694721981,0
0.18186641979768786,1
0.12042403632614213,0
0.1558855842141544,1
0.06323957243723849,0
0.07333206581858408,0
0.48085851836622806,0
0.20144815037393163,0
0.07727581521739131,0
0.07573456816620878,0
0.1298531724241214,0
0.2093954248366013,0
0.14117112641550522,0
0.43126211240310075,1
0.2158386948529412,0
0.12831679335585586,0
0.17101323209850994,0
0.14093315972222223,0
0.24957487950870647,0
0.09345624528420524,0
0.1431605021158854,0
0.19860655447507553,0
0.33696095043460267,0
0.32055835589871196,1
0.08987007889093138,0
0.11884151231374172,1
0.14478537407063197,0
0.09384205649978279,0
0.1095673973880597,0
0.11912036436721991,0
0.14370349702380952,0
0.4103992550872093,1
0.05224868410145889,0
0.03733252615950226,0
0.04574119438559322,0
0.08071280600086655,0
0.28311147350323623,0
0.1434040960864486,0
0.10739223943280347,0
0.19821909311655406,0
0.07534712151972157,0
0.07091987423780488,0
0.3453829935844371,1
0.21651069691639072,0
0.210968017578125,0
0.12197720097900114,0
0.12157318557518115,0
0.17939019097222222,0
0.19423625378460208,0
0.09268836805555555,0
0.4378938622237569,0
0.1452429819915254,0
0.132861328125,0
0.2019874462182971,0
0.35640445214435146,0
0.21939355060146443,0
0.05616160653794038,0
0.15497819767441862,0
0.16042317708333334,0
0.08355851157969256,0
0.07351956792840375,1
0.21473234602548544,0
0.19308128104304637,0
0.04124001895680147,0
0.10163597921723301,0
0.1943596733940972,0
0.4290335776179941,1
0.09383290608723958,0
0.40088153141801075,0
0.14827286877394635,0
0.01234511508736559,0
0.11538020565139032,0
0.14708458783222592,0
0.05995703125,0
0.13442925347222223,0
0.060193767655367235,0
0.4075897063442211,0
0.04435406911644951,0
0.35487075617283953,1
0.13224314563679246,0
0.09945299734477124,0
0.1525146484375,0
0.15561451631433823,0
0.11351835776748971,1
0.04209779251453488,1
0.027963585722117795,0
0.10470003695101351,0
0.3917174258474576,0
0.2591970558934564,1
0.12310398391812866,0
0.07010874353853383,0
0.27768386314655175,0
0.07585506528755868,0
0.09510498046875,0
0.06203477065450644,0
0.21439384893558952,0
0.17352202350859455,0
0.14646412370391704,0
0.4182471159462617,1
0.29908297354714913,0
0.09591416181144068,0
0.22533267012266356,0
0.4194702854046243,1
0.11596265889830508,0
0.14626862281976744,0
0.307525466160221,0
0.16705886908039647,0
0.14289141528179192,0
0.1222141472868217,1
0.3056967427411417,0
0.17692784712523277,0
0.17678192515432098,0
0.1311968921190239,0
0.10843371793713873,0
0.23072395439954682,0
0.07881854597929937,0
0.08817475608031675,0
0.17433274279739777,0
0.12178548177083333,0
0.16550219621781115,0
0.11392750459558823,0
0.1865060466609589,0
0.07174044789991961,0
0.08375467649647887,0
0.15159722222222222,0
0.37447461894914214,0
0.2700357173687845,0
0.2949407588052486,0
0.09520013648343373,1
0.12010589776011561,0
0.10679370537737988,0
0.04615605828220859,0
0.10976106390742285,0
0.06555397727272727,0
0.10417643597819932,0
0.16401715959821428,0
0.10004634533898304,0
0.11688609182098765,0
0.1703099130794702,0
0.1550907258064516,0
0.13870337701612903,0
0.11764908854166667,0
0.07194260817307692,1
0.07601062162422839,0
0.11104392675949913,0
0.21752068014705883,0
0.2574692730125523,1
0.19168526785714285,1
0.4399555184248555,0
0.09701694694868239,0
0.17766684674202127,1
0.036086138556985295,0
0.1572544642857143,0
0.2457437430862832,1
0.06836231645331325,0
0.08707449776785714,0
0.01613950892857143,0
0.3864580885808271,1
0.07776682000411184,0
0.08366524832589285,0
0.12142222244710708,0
0.2742934992283951,1
0.16923602330202311,0
0.1907497993768882,0
0.0715313105620155,0
0.12616236863938052,0
0.2286856338562753,0
0.10201967191828255,0
0.06319736416558862,0
0.2634104902416357,0
0.34237234933035715,1
0.10470003695101351,0
0.26378659167921686,0
0.15138140928398058,0
0.09774600758272059,0
0.16996885738831616,1
0.1526413567777045,0
0.10268373842592593,0
0.07711971507352941,0
0.11078734038978495,0
0.06980934723984772,0
0.07572411501556017,0
0.20735237190315314,0
0.08770855402542373,0
0.06771334134615385,1
0.26140745095064727,0
0.17231168926886792,1
0.14562380268199235,0
0.07879500404530744,0
0.060321603287657725,0
0.39091365245165743,1
0.06910301181537103,0
0.0371089796305668,0
0.4734315537177986,1
0.10035533239219713,0
0.25594835069444444,1
0.11554574275362318,0
0.41204435929008154,0
0.09519055361675127,0
0.14743114406779662,0
0.029626302083333333,0
0.12724609375,0
0.378453125,0
0.1345391757246377,0
0.08476006994538335,0
0.12139489808058376,0
0.15393408659462618,1
0.35496228806515956,1
0.05736517137096774,1
0.08167829241071428,0
0.2092620963057621,0
0.17512184903700906,0
0.07555821646790342,0
0.23932516163793102,0
0.2730414746543779,1
0.12914282037306202,0
0.3530635766342756,0
0.147945433624031,0
0.41174496450958703,1
0.15041994853275706,0
0.0908741061970339,1
0.22469951923076922,0
0.14906318702889448,0
0.08389412396327015,0
0.1349311440677966,0
0.21107147961128048,0
0.0957811309070122,0
0.10794380971961152,0
0.18114792491515838,0
0.26409085181451614,0
0.12125346816588785,1
0.1595024496822034,0
0.3644557643581081,0
0.10493703483680057,0
0.11700073804723503,0
0.2455517029494382,0
0.09723074776785715,0
0.16604212088178294,0
0.3879770699584592,0
0.08865467971345516,0
0.07940848214285715,0
0.062312122235082305,0
0.09789936911610879,0
0.08078092311715482,0
0.22669157185162095,0
0.1429072427486188,0
0.15324858757062146,0
0.07415040781800177,0
0.22616865997942387,0
0.41796875,1
0.3014640954262452,0
0.12223217368784531,0
0.06759756368483412,0
0.06380794579383886,0
0.2394821579391892,0
0.09845640120967741,0
0.29722865226337447,1
0.04473375423934108,0
0.32286124393857757,1
0.1349555121527778,0
0.06633437103426396,0
0.15329127956081082,0
0.15236358642578124,0
0.08379566318240901,0
0.08271473963885928,0
0.00927734375,0
0.216014797404661,0
0.3744383985623003,0
0.07794246495327103,0
0.2955186631944444,1
0.16182405402861447,0
0.11277940538194445,1
0.3672262052210366,1
0.08166297007415255,1
0.33409814927184467,1
0.18558419585987262,0
0.10786840729553904,0
0.41526086849369087,0
0.2716671316964286,0
0.14447916666666666,0
0.16522216796875,0
0.15423126220703126,0
0.18808706647398843,0
0.4241115437697161,1
0.45585593985552764,1
0.09081294221698114,0
0.19805510656130268,0
0.10077176113360324,0
0.17154555722891565,0
0.09723074776785715,0
0.17367691532258064,0
0.1010806860513245,0
0.4177931400767544,0
0.1697243679775281,0
0.0874906205861582,0
0.4365978114652318,1
0.26786497429830286,0
0.14977408554147464,0
0.1093318656139576,0
0.12782828724041534,0
0.11309542636639676,0
0.23058343527580072,0
0.15751255580357143,0
0.1556521574094523,0
0.21277450933689024,1
0.4054998684423575,1
0.28639238208643125,0
0.036685430391816924,0
0.2041346663135593,0
0.365959226623062,0
0.13619312959558824,0
0.02720852424028822,0
0.16067191150700935,0
0.20787070889778325,0
0.08310090892509728,0
0.17473359674329503,0
0.07388262438031161,0
0.25770355552755375,0
0.20556482605177995,0
0.38674677822885195,0
0.10166907363585746,0
0.292777683423913,1
0.19325657894736842,0
0.2858340992647059,1
0.12274320892226148,0
0.21664611535138248,0
0.199267578125,0
0.13637812768470792,0
0.388592529296875,0
0.13656143763075315,0
0.12115334338090551,0
0.20371839735243055,1
0.08462513069237919,0
0.23340911865234376,0
0.29657022314133985,0
0.10889926559154176,0
0.04841634864631336,0
0.16929833578601108,1
0.06444495292887029,0
0.08884045677463503,0
0.4493605090725806,1
0.11533539870689655,0
0.03242231822049924,0
0.1080633425245098,1
0.03493283498201439,0
0.2066861489661654,0
0.1272734375,0
0.1252422480620155,1
0.40579251126126126,0
0.11081944557767624,0
0.17184532544889503,0
0.24477458131906077,0
0.05262401284924938,0
0.14877857881433823,0
0.09975489174447409,0
0.13872494904891305,0
0.27549411939538043,0
0.37545800024224807,1
0.21983030497521247,0
0.11501353771743979,0
0.1690145021508097,0
0.3644557643581081,0
0.10597859572160884,1
0.1202360125894683,0
0.08910752713323353,0
0.14873006933793456,0
0.41487373892716534,0
0.23190422344924813,0
0.1100888206845238,0
0.040717566392446995,0
0.09965587797619048,0
0.2117313508064516,1
0.06463978334057341,0
0.11475579470198675,1
0.12207651946504237,0
0.1409670651614011,0
0.026267876059322032,0
0.28079638069058643,0
0.3056967427411417,0
0.15993604473039216,0
0.4411892361111111,1
0.12563904089861752,0
0.12550260416666667,0
0.15849345439189189,0
0.2017578125,0
0.07971291581184056,0
0.09948111679147466,1
0.27129196677509293,0
0.35084266269329895,1
0.05986437035315985,1
0.09055731008569097,0
0.3326544155732044,1
0.16393523520611702,1
0.05695742412922506,0
0.2163978794642857,0
0.0943203125,0
0.1629456578038674,0
0.18606349975263853,0
0.11153540732436472,0
0.08857421875,0
0.3874668666294643,1
0.12311076226635514,0
0.06826670848540146,0
0.09700240694922548,0
0.3239562068153266,1
0.11328295132839722,0
0.21858304669203746,0
0.16031336554672446,0
0.3407692370554393,0
0.22810872395833334,0
0.39990564294763514,0
0.11536389802631579,0
0.17732319078947367,0
0.1433906987028302,0
0.09295129939862543,0
0.1826148172026699,0
0.14437430245535715,0
0.09541097345711297,0
0.1066499916740675,0
0.09644514192139737,0
0.1265080769856771,0
0.05676809432308522,0
0.11534747969632768,0
0.20047487249028498,0
0.06479181719653179,0
0.028294921875,0
0.11339613970588236,0
0.3730098238482385,1
0.16624852902719664,0
0.10081910125968992,0
0.09422220614711935,0
0.1532570167824074,0
0.23773484002976192,0
0.09934746168582376,0
0.15545919667119565,0
0.21398778708584337,0
0.2910929546097285,0
0.17479093309859156,0
0.35010981262966806,0
0.19842576610949614,0
0.08223717186163387,0
0.12928051633883247,0
0.23893965639140272,0
0.05975762337057728,0
0.06411392248215701,0
0.3191819055599369,1
0.07963899958053691,0
0.09715051124052004,0
0.08830158804862306,0
0.2167559118078859,0
0.05480476439468504,0
0.14700625,0
0.28800357680722893,0
0.2237017787782486,0
0.19156598513011153,1
0.06174940584546926,0
0.3511127039716749,1
0.11974767736486487,0
0.15798808723096028,0
0.3584817325367647,0
0.19300631009615385,0
0.07988783482142857,0
0.1727029551630435,0
0.1595617318253138,0
0.052493533572635136,0
0.27079380580357143,0
0.1335272305253623,0
0.2109131670473422,0
0.09452097039473684,0
0.17567487444196428,0
0.11869786149364407,0
0.11673990885416667,0
0.1525964784861809,0
0.18267104204963236,0
0.2238880117595819,0
0.06498963155864197,0
0.10817446501358696,0
0.39415913975371747,0
0.2055066167091837,0
0.24666110513663966,0
0.11466390176901496,0
0.14141980481072555,0
0.18294460089631784,0
0.47240634227362205,1
0.15258982313654354,0
0.09660439595688869,0
0.10555850758272059,0
0.09886548795752763,0
0.2839762369791667,0
0.112646283436214,0
0.2614054597182081,1
0.08318788785460993,0
0.2629249702065678,0
0.17378765970303867,0
0.03262211625855432,0
0.20909202755905512,0
0.15161517892350157,0
0.09578022203947369,0
0.06343975738065327,0
0.09972214335433763,0
0.05713357879784689,0
0.22616865997942387,0
0.1417271205357143,0
0.0704590467353129,0
0.12286101310483871,0
0.14376710363700565,0
0.019790492106958765,0
0.09976913522465437,0
0.0600476518732493,0
0.096818359375,0
0.25636017628205127,0
0.42087053571428573,0
0.3511962890625,1
0.05391565048229913,0
0.1487938596491228,1
0.07048576108870967,0
0.16210184643447137,0
0.16686497246168583,0
0.14753561580882352,1
0.15607127063679246,0
0.14045088420542637,0
0.15167331201424872,0
0.09789219798657718,0
0.09020155933704453,0
0.15094937983247422,0
0.37296218665311653,1
0.18189617406542055,1
0.12106925047403734,0
0.18454916646161418,0
0.06577774439102564,1
0.13336969529905335,0
0.14260501828743546,0
0.0844417244061086,0
0.19823069852941178,0
0.1396583350929054,0
0.23990519662921347,1
0.45962224530346824,0
0.2049603834219858,0
0.17376320899566475,1
0.06693129219517185,0
0.21966164649566475,0
0.09249708118044515,0
0.10660054642341041,0
0.08717668388944223,0
0.034787404451438846,0
0.13696851598502305,1
0.038647180316091954,0
0.23453460002022652,0
0.07111073369565217,0
0.16140537546641792,0
0.08666856661379857,0
0.21426968961148649,0
0.08744053334497207,0
0.10056960095260223,0
0.11754391303706327,0
0.10560633200966851,0
0.18504842122395834,0
0.114650390625,0
0.0759246855487512,0
0.16230755974264705,0
0.08988512976694915,0
0.13009389557453416,1
0.062242826957295376,0
0.06463086336912066,0
0.04843146506320225,0
0.10175083705357142,0
0.09393819173177083,0
0.10890355603448276,0
0.05691632753089353,0
0.11611905661962366,0
0.1828766507583682,0
0.15064593545751634,0
0.24592914840214933,0
0.12039566336441336,0
0.12531731442577032,0
0.11960752166970803,0
0.043320231232662966,0
0.08544132008272058,0
0.21466827392578125,0
0.3434553879957933,1
0.4398115742413295,0
0.08795677923387096,0
0.31577163840694006,1
0.43534930455202314,1
0.1689684949925816,0
0.1181640625,0
0.13945616811260622,0
0.2176863463998538,0
0.04484424503168203,0
0.0712012314214939,0
0.12845397105414746,0
0.08256355660860656,0
0.06719005588876772,0
0.31953920390271495,1
0.08029225356909328,0
0.07247237471846847,0
0.07763498878985828,0
0.1863738484465318,0
0.1289792315391459,0
0.16306322674418605,0
0.12368593955321945,0
0.1886438190607735,0
0.1053168895431328,0
0.26478515625,0
0.3588951860549133,0
0.09261612513075314,0
0.14079573886846405,0
0.10191844334112149,1
0.12287867970123023,0
0.08538711280153509,0
0.22880623347809667,0
0.06674233969155845,0
0.06543505322802198,0
0.22188402258831522,0
0.0471416015625,0
0.13779296875,1
0.4150969941737288,0
0.1171789336622807,0
0.059211077008928574,0
0.19365234375,0
0.09762738608374384,0
0.1747655569468641,0
0.30545216686320753,0
0.07897569444444444,0
0.1710533405172414,0
0.31149595146937087,0
0.10173891129032259,0
0.15892789089721254,0
0.04417625633445946,0
0.4320532037306202,1
0.1148441344734252,0
0.08922188237028301,0
0.08654333043981481,0
0.16567281987463126,0
0.07121545226130653,0
0.1998580673993644,0
0.23787313432835822,1
0.12322639016544118,0
0.10100879387315272,0
0.06899502041103604,0
0.2514161893905694,0
0.27175461871069184,0
0.1049556408898305,0
0.0835253418781198,0
0.07070981664882227,0
0.033586047285811424,0
0.06110894097222222,0
0.1467724465339233,1
0.3789834922316384,0
0.16367467852870812,0
0.11207841082317073,0
0.12665203032132244,0
0.18527703536184212,0
0.03504488760964912,0
0.17299517463235295,0
0.03502697841726619,0
0.07560835381243358,0
0.07224686394084934,0
0.11057250424208145,1
0.17849524044296117,0
0.031548652447089945,0
0.07872304990310078,0
0.05596375735614647,0
0.14184895833333333,0
0.09263826359463277,0
0.14482530785315986,0
0.14497638081395348,1
0.13616718079399143,0
0.16340906479779413,0
0.2175931244893791,1
0.10389978745404412,0
0.11911855579096045,1
0.09243586033950617,0
0.14917224702380952,0
0.07670762803819445,0
0.11327910841557018,1
0.36314522879464284,0
0.10738877811192468,0
0.08700670831316554,0
0.13035499656593408,0
0.21710963031045752,1
0.12399530606995884,0
0.09416888086928935,0
0.04959943089099217,0
0.19940834857047873,0
0.0917937247983871,0
0.22779083251953125,0
0.14247159090909092,0
0.14569039925637395,1
0.12433891139403293,0
0.13928903345724908,1
0.16667859307650862,1
0.27098818636133604,0
0.2726368015095339,0
0.08371794973377282,0
0.11191190605283911,0
0.16102430555555555,0
0.06147566046966732,0
0.20909539700607063,0
0.04113922940978456,0
0.1305074395883055,0
0.087650390625,0
0.17470802268401014,0
0.18617428296232877,0
0.09795825054190752,0
0.09408836120735607,0
0.22685497303299493,0
0.07872304990310078,0
0.25148755450581395,1
0.060805191532258066,0
0.39837206024484534,0
0.23654716705607476,0
0.11047004250919118,1
0.17624702980990783,0
0.01287618027022756,0
0.14689127604166666,0
0.07125111607142857,0
0.18592091686320755,0
0.09051327101528384,0
0.16454170539033458,0
0.10647464388250884,0
0.12017745395151133,1
0.11373740748355263,1
0.1730934214369159,0
0.26752244380482454,1
0.11280607110912344,0
0.4178729191004673,1
0.02314193507157464,0
0.07331331983024691,0
0.10312336558577406,0
0.127998046875,0
0.09705750371368838,0
0.1534748134328358,0
0.05418903700135993,0
0.03128630343866171,0
0.09848785400390625,0
0.3967498779296875,1
0.07776624673432476,0
0.08470381067154255,0
0.2538299560546875,0
0.10889926559154176,0
0.22590128580729166,0
0.14094213112113402,0
0.1671107122017635,0
0.22182247470626631,0
0.09543332891949152,0
0.36143790986349034,0
0.196484375,0
0.1399850197208738,0
0.45062001546223956,0
0.019413437954215115,0
0.04298497686933535,0
0.2284529528855364,0
0.10021387314734088,0
0.16949333943111797,0
0.14456407563025211,0
0.2028941194089457,0
0.09939103036556604,0
0.2675564837257618,0
0.1336888193294702,0
0.1607848109461326,0
0.14126465318270165,0
0.11656666594529086,0
0.10282304197175732,0
0.0998678768382353,0
0.10502745113831616,0
0.060811183763586955,0
0.108671875,0
0.18072150735294118,0
0.3631142064144737,0
0.11087318978658536,0
0.08499684053308823,0
0.10301243439885496,0
0.07284628378378379,0
0.16320686696845793,0
0.08839404675387597,0
0.43015778009792627,0
0.05953790210146899,0
0.44274739583333333,1
0.1480678295799595,0
0.10589706688596491,0
0.2668307120339912,0
0.10026908832821038,0
0.14625948836750788,0
0.21734904351635514,0
0.25531170819256754,0
0.1287662003391473,0
0.08297487289186507,0
0.1481337078872796,0
0.19893885656380753,0
0.20401798282657657,0
0.06480337621466431,0
0.17232108410493827,1
0.09548753883406433,0
0.11333214711334746,0
0.14649188701923077,0
0.49380167248179613,0
0.22949821566358025,0
0.41206367379926107,0
0.09674093832818022,0
0.11829952116935484,1
0.18734163851351351,0
0.16840842406674209,0
0.20114428848870056,0
0.07733332069174757,0
0.03456919960826211,0
0.147216796875,0
0.0526895152385159,0
0.17294347426470588,0
0.48911024305555556,1
0.18864889705882354,0
0.12411699270013124,0
0.07304503242924529,0
0.07376497625883392,0
0.07050682855793451,0
0.15191668610074627,0
0.10545305524553572,1
0.2166879899825784,1
0.18043915013424822,0
0.2718346637228261,0
0.06086567999089806,0
0.0782568059815951,0
0.09552811230218135,0
0.37547028009792627,0
0.1226661811440678,0
0.22700366639254385,0
0.20107949746621623,0
0.08623841751453488,0
0.057642718545751634,0
0.3573308395127119,1
0.13773682629048584,0
0.11195805548291492,0
0.18966898104039634,0
0.12213134765625,0
0.08147447680995475,0
0.2416478207236842,0
0.10063571374393204,0
0.0820432658696868,0
0.09036209060623124,0
0.17401824010854341,0
0.12972383720930233,0
0.04935860339506173,0
0.168400390625,0
0.09528385876766785,0
0.15805967514124294,0
0.16727820998953974,0
0.19053602430555555,0
0.3466614339953271,1
0.10589622641509434,0
0.20124359992937854,0
0.35372664101758794,1
0.21747283935546874,0
0.24723573022959183,0
0.32569976200331124,0
0.20879031450320512,0
0.2479445205111684,0
0.23195371523008243,0
0.103515625,0
0.1104014406922043,0
0.15980923250786164,0
0.08438258495145631,0
0.058262337386877826,0
0.3473831435381356,1
0.10896809895833333,0
0.02764770855591168,0
0.04142466762609649,0
0.15116273475985223,1
0.20613820929276316,0
0.10490141369047619,0
0.06219131645114943,0
0.06928846571180555,0
0.18637447033898305,0
0.22213107289991962,0
0.11551407008495146,0
0.0819558536305147,0
0.428307414504717,1
0.24195873831200787,0
0.15842572380514705,0
0.05984452992247239,1
0.16436620758161513,0
0.16549900024736147,0
0.3780930529739777,1
0.22896634615384615,0
0.27539812548003073,1
0.09035842483108109,0
0.059244791666666664,0
0.1537159455128205,0
0.24847570231541452,0
0.4218577538631347,0
0.0694501931567329,0
0.11973505434782608,0
0.13433813378514056,1
0.07210286458333333,0
0.13636082437782807,0
0.08173828125,0
0.12250644720873786,0
0.1281323401756536,0
0.07889482035283993,0
0.15552928966789667,0
0.09340580174180328,0
0.20466539215187296,0
0.1525489696557971,0
0.09421464087257922,0
0.2312177425056561,0
0.3707795516304348,1
0.11773813543713163,0
0.05761244690533981,0
0.10204306138833992,0
0.0467552329009434,0
0.11966959635416667,0
0.2507269965277778,0
0.14586160950741525,0
0.1255673363095238,0
0.19430627555490654,1
0.11083240799492386,0
0.14755859375,0
0.3444938303154206,1
0.07923933480290457,0
0.20868210565476192,0
0.4431446996228448,1
0.06679808063271606,1
0.11014888808469574,0
0.38146682997881354,1
0.24758498733108109,0
0.0907860471491228,0
0.1717557423675115,0
0.11068762651821862,0
0.09010427066693291,0
0.10056525892247267,0
0.23331821986607143,0
0.08526097725048924,0
0.05541512728299293,0
0.10984061104910714,0
0.12982282708845208,0
0.08798463158267271,0
0.26787520226537215,0
0.08004620555432862,0
0.07689352596507353,0
0.3152226742511521,0
0.15986991222993827,1
0.189068359375,0
0.09512508616727941,0
0.12435713724874371,1
0.27127738620923914,1
0.16811562087730872,0
0.08003034568914082,0
0.29116423233695654,0
0.10515234375,0
0.036344934682377046,0
0.18425339033018867,0
0.3262795840992647,0
0.09614883814102564,0
0.09187923569277108,0
0.11433476987092392,0
0.10652091733870968,0
0.34787971422027686,0
0.07113915158991228,0
0.20291545420040485,0
0.132424208084471,0
0.27935892178867405,0
0.3004364013671875,0
0.2648666057180851,0
0.45448315237450787,1
0.2022791906380753,0
0.16280663258744857,0
0.16400627367424242,0
0.1371763806397123,0
0.2544853172110553,0
0.11771647135416667,0
0.09853334780092593,0
0.09150061446629214,0
0.07061089409722222,0
0.16538783482142858,0
0.2701663652297136,0
0.1020176149764151,0
0.21775957462539433,0
0.13668507543103448,0
0.13140970303867403,0
0.08805255074786325,0
0.10826808187217195,0
0.07816215183423914,1
0.18457366838487974,0
0.2293313419117647,0
0.27772833711357525,0
0.08547438788659793,0
0.1160552978515625,0
0.12946661086309524,0
0.09760160159804368,0
0.1079046023400474,0
0.07833571792837715,0
0.09462579151031895,0
0.15429743303571428,0
0.1642451248769685,0
0.2393997547238372,1
0.22742578125,0
0.24295451670040485,0
0.1485492253707627,0
0.14180385044642857,0
0.17037135244205298,0
0.12139489808058376,0
0.26629113203642385,1
0.08141013773696683,0
0.07876610943651575,0
0.08128619509626955,0
0.29611964779005523,0
0.08648924018501805,0
0.07269347807320442,0
0.30098823879076086,0
0.07255693855932203,1
0.34009719122023807,0
0.08736956161660778,0
0.02365625,0
0.08964559865552325,0
0.1375347222222222,0
0.17811550225997505,0
0.10215821234655335,0
0.16117916546658986,0
0.13519033021479185,0
0.1592746621138444,0
0.22767534802449169,0
0.3919979079497908,0
0.11990295960022522,0
0.34345393806561086,1
0.08200720188704497,0
0.3733640796076642,0
0.07951888489208633,0
0.05777774099576271,0
0.26265537871747213,0
0.14727625080958548,1
0.18427734375,0
0.18060264347484276,0
0.07593697953190744,0
0.4354099928085774,0
0.16471626081443913,0
0.10669213598901099,0
0.09256816182937555,0
0.13289174373508353,0
0.3424467065520446,0
0.08467283586213827,0
0.12757201646090535,0
0.1314262778072034,1
0.13230994152046785,0
0.2639449814618644,1
0.19317555147058824,1
0.10721842447916667,0
0.16552734375,0
0.07392198542402827,0
0.34916022430313587,0
0.07466321113782051,0
0.08541067023026316,0
0.11443179777298851,0
0.3098913330453149,1
0.09242847641359593,0
0.08770680147058824,0
0.19048475681390978,0
0.19155187774122806,0
0.14388020833333334,0
0.0297265625,0
0.16943756351626016,1
0.24055729166666667,0
0.09803041512814943,0
0.22038934976374572,0
0.12727399553571428,0
0.07337392933618844,0
0.04865903820671378,0
0.10318246366675764,0
0.15074247472426472,0
0.08439342570754717,0
0.18415862438725492,0
0.16100991924157304,0
0.2319580078125,1
0.07098195347850679,0
0.1704877909257322,0
0.27259185348731885,1
0.293856254913522,0
0.26761930534638556,0
0.2759448902027027,0
0.07084448543595678,0
0.23332061767578124,0
0.37831061613475175,0
0.1054430509868421,0
0.1693786216887417,1
0.25472525209664537,0
0.053389105288007555,0
0.04645012486126526,0
0.18350690803271813,0
0.16733479368093923,0
0.1108243887549456,0
0.2954764503100522,0
0.19340183423913043,1
0.17449504573170732,0
0.043210018382352944,0
0.23216423916457288,1
0.4234053448932927,0
0.4246471774193548,0
0.08255028912401575,1
0.13951133389778325,1
0.10874158207271763,0
0.05457694575471698,0
0.01893749348415346,0
0.1663115088619403,0
0.16884830298013245,0
0.20418526785714286,0
0.13792887369791668,0
0.13605012793989546,1
0.19968123525943396,0
0.09089967977031801,0
0.05819377493351064,0
0.14609925176056338,0
0.1498816538665254,0
0.19434186804149797,0
0.17008976981466878,0
0.1313098375645439,0
0.07616972587477992,0
0.20142353816526612,0
0.04638304131799163,0
0.09573965699133212,0
0.21847028921771522,0
0.11395256291565901,0
0.25579210069444447,1
0.038386511124845486,0
0.18215571938222544,0
0.0387576003959276,0
0.09420886671686747,1
0.09082095667051451,0
0.057106195494186045,1
0.12278238932291667,0
0.05960194385834854,0
0.2085503472222222,0
0.13160781660104987,0
0.08625293832964602,1
0.1443231569840604,1
0.11336938375259337,0
0.041735462306701034,0
0.1467390886441929,1
0.17515005716463414,0
0.19593394886363635,0
0.48491100798872183,0
0.15888531698564592,0
0.06316717739762931,0
0.42483903894472363,1
0.41924705933988765,1
0.20203438640510948,0
0.08494128396131485,0
0.1037950815644654,0
0.25164431136175497,0
0.031209546466206394,0
0.15471025765117993,0
0.25048407192887934,0
0.09803683752676659,0
0.17413119612068967,0
0.17011538738479262,0
0.04652514900128866,0
0.14717584759819533,0
0.11940019458643122,0
0.10367838541666667,0
0.1370456501588983,0
0.20899217501996806,0
0.07142890775675025,0
0.10118756975446429,1
0.3008270263671875,1
0.031212232389502763,0
0.08834814837598425,0
0.3781931244630584,0
0.177000964701417,0
0.1982421875,1
0.10669884314903846,1
0.2885451858108108,0
0.07630619772304832,0
0.10792961673460146,0
0.26687709263392856,0
0.2329446543817935,0
0.1255851075601983,0
0.17734559257075472,1
0.26566193853427894,0
0.21872629702669902,0
0.10403976871468927,0
0.13813067657019704,0
0.1489356788429054,1
0.07247494246608527,0
0.1657957995951417,0
0.11294320913461539,0
0.0667747641509434,0
0.10369144030623366,0
0.09168884817477876,1
0.023462697219316597,0
0.45418976814516127,1
0.1356334758254717,0
0.2568754589588773,0
0.4632642491143725,0
0.16953802384393063,0
0.1653875755111524,0
0.0771051383441337,0
0.2727431100816583,1
0.3668624402443343,1
0.2293539391942771,1
0.26114145914713544,0
0.10226746229550102,0
0.052193469799028266,0
0.0922969790405569,0
0.10755103326612903,0
0.22401401452850878,0
0.21597839833550914,0
0.26299063036941583,0
0.13526759637850466,1
0.07746638808139535,0
0.0662701162874424,0
0.091767578125,0
0.18884523122902686,1
0.08982034994009584,0
0.18146794016768292,0
0.12884347098214285,0
0.15222087127483444,0
0.060844070919832155,0
0.42514663840694006,1
0.27165089142628207,0
0.18299037388392858,0
0.14025698506773399,0
0.10217903945852534,1
0.2674876245959052,1
0.2512974330357143,0
0.2061124722633136,1
0.1024628856297954,0
0.10003075232872596,1
0.13137851417286245,0
0.2351953125,0
0.2092620963057621,0
0.1193260063559322,0
0.04585713274169184,0
0.057230808423913045,0
0.14025181361607142,0
0.09494120796319797,0
0.15837016858552633,0
0.0742790200096432,0
0.3701171875,1
0.09448655985169492,0
0.09046231783353366,0
0.24486753994360902,0
0.22307072129360464,0
0.35433206287955465,0
0.11719975810669456,0
0.13507604435137457,0
0.08354762091708542,0
0.3086006759751773,0
0.16150291102707007,0
0.1421170713289963,0
0.0802440882155635,0
0.12115385955619982,0
0.22915313377808988,0
0.14746856689453125,0
0.19706990044831224,0
0.10112876080452128,1
0.050988413540686735,0
0.1039162052487864,0
0.11864505597014925,0
0.2122844827586207,0
0.4324644947379725,1
0.08764979102003385,0
0.3589771412037037,1
0.2148206815944882,0
0.18148156368371213,0
0.35994306576797386,0
0.1770955023364486,0
0.13735170717592593,0
0.312088882367228,0
0.013259062258500773,0
0.039540905898876405,0
0.41886544493494426,0
0.07967528228893263,0
0.09823346819196428,0
0.07657978073559671,1
0.37770907850150603,0
0.12082061182950192,1
0.20453541239754097,0
0.2751273951903292,1
0.24297616996017157,0
0.08459679555084745,0
0.17055688115763548,1
0.040498849883952255,0
0.10255246046112805,0
0.10629010881696428,0
0.051813540251358696,1
0.07132719577535906,0
0.02786947008676352,0
0.08289639670355362,0
0.06361298727069614,0
0.1847966680463576,0
0.11228552213425513,0
0.20259342287561577,0
0.17511696039244187,0
0.170763428859447,0
0.10790823388287402,0
0.05444017838965798,0
0.15300160172594143,0
0.1188505164748954,0
0.13789256519039736,0
0.3597005208333333,0
0.07409402598505435,0
0.10262154244087837,0
0.05919492864884393,0
0.05024474344135803,0
0.1527297561233108,1
0.08929409005628518,0
0.13899330637562815,1
0.06197335379464286,0
0.1851673054245283,0
0.08981539818548387,0
0.1705099826388889,0
0.13181284311655406,0
0.1262012177230047,0
0.20332498753324468,1
0.2202643795289855,0
0.1353720747716895,0
0.2093954248366013,0
0.28649972904624277,0
0.07884035995076238,0
0.18391453023867313,0
0.3400045727926587,0
0.0810945645091225,0
0.29448181905864196,0
0.09335919365134633,0
0.19309746168582376,0
0.06001008545987991,0
0.17479994690533981,0
0.22896835179004854,0
0.26046214384191174,0
0.3446044921875,1
0.07874440396769664,0
0.05128205128205128,0
0.38175690932080925,1
0.14033493193069307,0
0.14625948836750788,0
0.18033055719339622,0
0.02818976758677991,0
0.15594226925872093,1
0.1645161786417323,0
0.24577287946428572,0
0.08593087923728814,0
0.04417625633445946,0
0.16213559144295303,1
0.11607821675755034,0
0.1189329335387324,0
0.264846580615942,0
0.14928845391757245,1
0.2954764503100522,0
0.06852833412676823,0
0.10861034770256917,0
0.0959616268382353,0
0.12951825862556562,1
0.15133555794534412,0
0.12600791282102727,0
0.1337559212386878,0
0.10790823388287402,0
0.09493498004244139,0
0.08433788178733032,0
0.3446095784505208,0
0.0773654513888889,0
0.09582067418981481,0
0.10609725560897436,0
0.08009250635518934,0
0.12637317409003831,0
0.11139665570175439,0
0.14842191655585107,1
0.2975497508612205,0
0.07945703125,0
0.11558182565789474,0
0.15922159788650464,0
0.08378535276565709,0
0.18930616656553398,0
0.17644000875538793,0
0.3205808930049669,1
0.2754775225105932,1
0.19143178772228034,0
0.16549366918103448,0
0.08443070768900343,0
0.14174281665363564,0
0.06608649059734513,0
0.08071567357512953,0
0.2800097474394786,0
0.1764656126968504,1
0.12630208333333334,0
0.1230323920815678,0
0.21554345199742267,0
0.1395949272260274,0
0.12778482837373373,0
0.4134654921558704,0
0.12229289416766109,0
0.10298680054151625,0
0.47422265625,1
0.05118436591569767,0
0.21446864652317882,0
0.10218062889542937,0
0.13115133698453607,0
0.47212071572580644,1
0.19724629988456466,0
0.17088836984536082,0
0.13283561390532544,0
0.08486150028495441,0
0.21284942626953124,0
0.21567746426196807,0
0.1581486824912892,0
0.11964343019652975,0
0.12380978622224792,0
0.09802095389660494,0
0.2675766498300604,0
0.09177852917268786,0
0.1251732802972561,0
0.08943997896634616,0
0.09934746168582376,0
0.241643074912892,0
0.06900510926177536,0
0.11046485651552287,0
0.42754283926104975,0
0.059596373835599195,0
0.10244574652777778,0
0.06636796875,0
0.21410546875,0
0.09134360259433963,0
0.04624074528213752,0
0.11846400669642858,0
0.057253860113188976,0
0.15507650638812154,1
0.2656829316737288,1
0.17101323209850994,0
0.1445159912109375,1
0.02606601117343305,0
0.24580931432038836,0
0.1531348040723425,1
0.14916389371141975,1
0.458224609375,0
0.09182706907022968,0
0.17063197133112096,0
0.18502646998355263,0
0.13813067657019704,0
0.15565471884645063,0
0.07449208135190218,0
0.05018254472173145,0
0.2025332693326271,0
0.14034297548491378,0
0.20292075163398693,0
0.331181563730315,0
0.053176258484162894,0
0.06742180073669202,0
0.1758157169117647,1
0.09407958984375,0
0.1655887831125828,0
0.2325301146859606,0
0.058434833001796714,0
0.25450485421025104,0
0.15237113025700935,0
0.21752068014705883,0
0.36757924426934097,0
0.051614512567934784,0
0.2642256573932927,0
0.12246207303779069,0
0.06325640425466601,0
0.33582372572815533,1
0.1971988514957265,0
0.18029053859447006,0
0.11367571002805049,0
0.10119270964989889,0
0.11319430167214913,0
0.16839599609375,0
0.20836895636792452,0
0.15074982040229884,1
0.36875193652620397,1
0.04389298227535037,0
0.06178310151734104,0
0.19823211984536082,0
0.1257626488095238,0
0.1462010513117284,1
0.3712799640916149,1
0.2329565540158371,0
0.09823346819196428,0
0.04534590871710526,0
0.09601579632675439,0
0.12829075371168583,0
0.0983458843427835,0
0.10669213598901099,0
0.08242618336397059,0
0.18489884741512347,0
0.09503173828125,0
0.15901891196646342,0
0.053395589192708336,0
0.17562070100203805,0
0.059284970405071816,0
0.40546223958333333,0
0.08525347125556793,0
0.17053373360339505,0
0.38311452963917525,1
0.07468172210809103,0
0.089342534147351,0
0.09119218232615894,0
0.17008976981466878,0
0.18424530029296876,0
0.3412400630482456,0
0.18864889705882354,0
0.04202451034330986,0
0.2619750424208145,0
0.1871471956286127,0
0.21802353277439024,1
0.28140786536654133,0
0.27518238740808826,1
0.2112351802357456,0
0.10177911370521601,0
0.436134227807971,0
0.2121294806985294,0
0.22625375859106528,0
0.07400569689091681,0
0.157015625,0
0.16861663127022652,0
0.17010051448170732,1
0.14874576972926268,0
0.1448631955866228,0
0.07377369997529644,0
0.3530772569444444,1
0.15189134884185304,0
0.12828252677782687,0
0.1464315665355125,0
0.08973043761071745,0
0.12723561721743296,0
0.18822093290441178,0
0.4335869140625,0
0.11747457993090452,0
0.20341023360148514,0
0.23872959267810026,0
0.3171332465277778,0
0.20134528329439252,0
0.07610961094798657,0
0.4038564644607843,0
0.11802734375,0
0.16364283343545752,0
0.1641220933809055,0
0.051106770833333336,0
0.09830985482283465,0
0.024691390477792733,0
0.08879009046052631,0
0.04024554538561525,0
0.19095079438025211,0
0.09416449652777778,1
0.11587685032894737,0
0.08332958508635961,0
0.144467454459799,0
0.20868210565476192,0
0.21353738349780702,0
0.10097825596098266,0
0.14644203847543352,0
0.25509132179054056,0
0.1833758297285203,0
0.183023194253663,0
0.2682557863609813,0
0.10768724524456522,0
0.08029263690837378,0
0.10551981209150327,1
0.11543590936634349,1
0.11147790733466229,0
0.1968263948344749,0
0.31846160888671876,0
0.10259417543316832,0
0.10802849627897787,0
0.46312488710260113,1
0.13091020554022081,0
0.2898689373585973,0
0.15706185867537314,0
0.06598528324331275,0
0.22789333596214512,0
0.054499741022099445,0
0.10339414726183252,0
0.3645778749047256,1
0.1507359288674033,0
0.15323008661684784,0
0.1021801844081272,0
0.13722489993536197,0
0.19406181469298245,0
0.08055918582486137,0
0.06284747456395348,1
0.2528359375,0
0.14895758500957854,0
0.07068699625282805,0
0.2679905247043919,0
0.02996036305147059,0
0.08843281415870488,0
0.19635504645270271,0
0.06928846571180555,0
0.16111555874558303,0
0.0637991240530303,0
0.19812364523121387,1
0.11150854078389831,0
0.13139756944444445,0
0.08645034886006289,0
0.14234443875944586,0
0.0976287411971831,0
0.17566964285714284,0
0.14322313850308643,0
0.18040974934895834,0
0.08473474521147033,0
0.16933079769736842,0
0.3564356674382716,1
0.2908873477224576,0
0.17982536764705884,0
0.09155808833607457,0
0.09698511445473251,0
0.1408389136904762,0
0.111275390625,0
0.31572265625,0
0.13263718239985164,0
0.39209983781067254,0
0.20720158066860464,0
0.19153661635315533,0
0.09497900128577817,0
0.10361794864430147,0
0.16065029835137795,1
0.10063841632593458,0
0.05868205618351064,0
0.088623046875,0
0.17276748758278146,0
0.19484991776315788,0
0.09340377967116725,0
0.2432326858108108,0
0.10893513190509915,0
0.0963692196531792,1
0.22557385987190812,0
0.25055701987257284,0
0.1635295676622419,0
0.09548753883406433,0
0.19152270201359833,0
0.09599122964559387,0
0.1755528246826836,0
0.16059000237944163,0
0.03672966809006211,0
0.13513826069078946,0
0.20443074087078653,1
0.3956334731158088,0
0.4431573275862069,1
0.24031256382761437,0
0.32263888888888886,0
0.10233984375,0
0.18152833732578397,0
0.15018211570945947,0
0.42191538416353386,0
0.25123773619186046,1
0.20517144097222223,0
0.09349557976973684,0
0.13699489877892032,0
0.203032959764377,0
0.13269129543439717,1
0.08025966546474358,0
0.09600237902257444,0
0.07293495962415947,0
0.3715041140292553,0
0.11119569661974624,0
0.09407958984375,0
0.38608921595982143,1
0.2129056700805322,0
0.17251953125,0
0.06421228357263513,0
0.3709309895833333,0
0.11859479631696429,0
0.1367033468059937,0
0.1647411281779661,0
0.46117679014900664,1
0.07665027201417005,0
0.16806989397321428,1
0.1978834292763158,0
0.07404233444688768,0
0.2739677601809955,0
0.1431327745752427,0
0.08990625,0
0.15055531157544377,1
0.11832228604094076,0
0.1525146484375,0
0.1856503398001859,0
0.2531462934680451,0
0.2562357584635417,0
0.38861517137096774,0
0.08149153148854962,0
0.1141143506157367,0
0.17712710084033614,0
0.08575955243177817,0
0.2083455023364486,1
0.11049876493566177,1
0.1529992878107735,1
0.05024563089093357,0
0.21038881282216496,1
0.10026429191468254,0
0.12280408321823204,1
0.1354803802037925,0
0.11849752286585366,0
0.08248976852363074,0
0.09438776513721048,0
0.31671248070987656,1
0.049810715663580245,0
0.3876938847770468,0
0.09365473602909011,0
0.14272549149840594,0
0.4681352005313765,0
0.2069118923611111,1
0.19744731104651161,0
0.02989997680076244,0
0.11500856904644269,0
0.3100977768132716,0
0.13541614666533547,0
0.10640965150983146,0
0.06118792776022864,0
0.12387969115070094,0
0.08358926402385158,0
0.22374437344784767,0
0.16179786665286977,0
0.08472509291565535,0
0.10796660494942197,1
0.17627060204221492,0
0.14536480125523013,0
0.13993388709006654,0
0.16290283203125,0
0.10202114568280347,0
0.2891909950657895,0
0.047810872395833336,0
0.12031819134481961,0
0.23722536383122744,0
0.4735966200016255,0
0.12421450407608696,0
0.0681077585028434,0
0.19255989583333333,0
0.45640750047637196,0
0.207533203125,0
0.03050964117360208,0
0.127091796875,0
0.14460546875,1
0.15019781650641026,1
0.1202360125894683,0
0.19245976226719197,0
0.027529271108179418,0
0.2931158811051324,0
0.01747523716517857,0
0.0947513903601695,0
0.4090709609058704,0
0.15939436287715517,1
0.06542526866515837,0
0.4548233695652174,1
0.15582425301535088,0
0.1671107122017635,0
0.14886474609375,0
0.1053841658464567,0
0.12283828883495146,0
0.24000049238445378,0
0.08636997767857142,0
0.1847966680463576,0
0.43854193906903766,0
0.32740066225165565,0
0.07637965425531915,0
0.047934076137418756,0
0.19128019519658754,0
0.12750971904809222,0
0.10226996527777778,0
0.08297753149224807,0
0.03242231822049924,0
0.16291717669930875,0
0.46185196893063585,1
0.20124257635746606,0
0.14764580118312756,1
0.09025656133612663,0
0.0857716951438849,1
0.16911374401132404,0
0.34274727957589285,1
0.1068172490619137,0
0.11571214144515478,0
0.1759674589512712,0
0.16820591517857142,0
0.0852392578125,0
0.05952893273305085,1
0.15652451756912442,0
0.0943336082431537,0
0.16412109375,1
0.04498540601765799,0
0.23893965639140272,0
0.017144097222222224,0
0.04944921875,0
0.2940628616898148,0
0.18177199000634517,0
0.18056554961622806,0
0.08748701679913294,0
0.17248041230130057,0
0.24893902277542374,0
0.1452470797936893,0
0.3521374583949704,1
0.04656313004032258,0
0.17251023968446602,1
0.1370456501588983,0
0.11675014378834356,0
0.1092583584815756,0
0.09103328623670212,0
0.13336703770280237,1
0.1863734654017857,0
0.16080298013245034,1
0.3230813419117647,1
0.14460358796296297,0
0.08677563636131536,0
0.1498869889937107,0
0.06563290281791907,0
0.057056568287037035,0
0.12689646880535874,0
0.4333809581712062,0
0.10732806727216748,0
0.12074016702586207,1
0.07816382094743816,0
0.19701369265292554,1
0.08932674632352941,0
0.04202844405770783,0
0.15533055719339622,1
0.31802322157663315,0
0.16788736979166666,0
0.08993109341325431,0
0.115619140625,0
0.1366129932315668,1
0.05225830078125,0
0.3723718979779412,1
0.09634547557645631,0
0.1297049906716418,0
0.241643074912892,0
0.32477750483247425,0
0.3243650642421603,1
0.25031681504360465,0
0.43365419258191745,0
0.37760198196308725,0
0.03552720323741007,0
0.16628099524456522,0
0.17005809839221014,0
0.2595457367549669,1
0.15272057574728262,0
0.0477954761402027,0
0.07144795096112999,0
0.3744616386217949,0
0.09636495199548192,1
0.25521436149691357,0
0.1490519895391949,0
0.29841218171296297,1
0.116515625,0
0.09330685399159663,0
0.17875123255461164,0
0.2056198471702189,0
0.3954943559301181,0
0.028395432692307692,0
0.10284249441964285,0
0.13395805894795657,0
0.0380684094551282,0
0.2951119442114094,0
0.09353824013157895,0
0.15225967508278146,0
0.0810791015625,0
0.08955859375,0
0.19738291449086162,0
0.378453125,0
0.1451130319148936,0
0.18723252240349264,0
0.22384697094298245,0
0.09736328125,0
0.08849553571428571,0
0.030764427661234398,0
0.07857663725375234,0
0.14643910389072848,0
0.22300773650291827,0
0.1069968046435272,0
0.15617738381410257,0
0.40568470277996843,1
0.1384847889775815,0
0.10399822856104651,0
0.42571010968543044,0
0.09561525434560328,0
0.36075153756648937,0
0.1754005561440678,0
0.06458393245143149,0
0.17511696039244187,0
0.17259480670592706,0
0.21118458207831325,0
0.13725661574870912,0
0.14595924233490565,0
0.23342906141114983,0
0.12821665981359648,0
0.10953461645616643,0
0.07908546531593406,0
0.08405301517571885,0
0.3173890194650424,0
0.07982177734375,0
0.47221522177419356,1
0.1810019672780797,0
0.1254333091887417,0
0.15792181069958847,1
0.14401298656798245,0
0.20915234375,0
0.2958219326036866,1
0.09603522065643033,0
0.14427168041356878,0
0.0424070517601432,0
0.04675535492549669,0
0.22184402811488674,0
0.1975347222222222,0
0.3596973294526144,0
0.112927204145189,0
0.2514991091008772,0
0.12387969115070094,0
0.27486692438471505,0
0.062188042534722224,0
0.15561620447019867,0
0.1755565112789735,1
0.0821752455628034,0
0.43460346739969136,1
0.15669515230678233,0
0.12475720821823204,0
0.2064037754524887,0
0.17901627432387862,0
0.24245796061802974,0
0.17976506092057762,0
0.1224957249195279,0
0.09332531387969095,0
0.28904776737607757,0
0.1300793730031949,0
0.29307907296025104,1
0.06800619132905138,0
0.07655808021282327,0
0.1150118015680212,0
0.10350703125,0
0.19680535988729508,0
0.12816795532646047,0
0.3231229298675115,0
0.30863526379048584,0
0.27600052276951675,0
0.4234606014784946,1
0.0957059474349711,1
0.12939801586195362,0
0.21096748218201755,0
0.11522842035060976,0
0.2168333999753937,0
0.3593611371253943,0
0.040960607394366196,0
0.12372757216631355,1
0.09691370247695852,0
0.2720828325320513,0
0.24779431573275862,0
0.1774530903803545,0
0.2634104902416357,0
0.06956461515945585,0
0.11152255373303167,1
0.09015048383740289,0
0.08111728766025642,0
0.16115638469827587,0
0.0993141351744186,0
0.10165852183577406,0
0.1198901266718107,0
0.28627990978033474,0
0.2912336923543689,0
0.06360895493451287,0
0.047687709731543626,0
0.11732740080758428,0
0.35498046875,1
0.23554540279522612,0
0.3729510024257991,0
0.13681745443872986,0
0.09039938038793104,0
0.17906178859685432,0
0.22524363724226804,0
0.25875892168209874,0
0.05372033882370638,0
0.10730491028992395,0
0.11660664498141264,0
0.13846653818294702,1
0.13269398513349515,0
0.15238650273617513,0
0.2633757560483871,0
0.21199496116863906,0
0.3786551339285714,0
0.16637249546503957,0
0.23369287845477388,0
0.3509887005649718,0
0.15730546160442074,0
0.05095576877376426,0
0.20352971633808725,0
0.09784866591631355,0
0.16249579625413907,0
0.18755634014423078,0
0.12777411882267442,0
0.10614731732536764,1
0.12010393099547512,0
0.24452727304864252,0
0.16048616976351351,0
0.19152353949086162,0
0.1335170200892857,0
0.38186242055084746,1
0.06699641979333869,0
0.082875,0
0.1791661149364407,0
0.10428122277874564,1
0.15836063508064516,0
0.4704839751476378,1
0.08651053473121761,0
0.29897308349609375,1
0.13588065531716417,0
0.06368108785377359,0
0.2355741888170498,0
0.12342077298488666,0
0.11436439165609137,0
0.06367360513041338,0
0.3157836460269517,0
0.1779633430437853,0
0.14073567708333334,0
0.37401998674911663,1
0.24580931432038836,0
0.2396233909488342,1
0.10168595224056604,1
0.18664796560402686,0
0.12126008756868131,0
0.3110198442944251,1
0.1190870331554878,0
0.10374715045592706,0
0.10841374945557491,0
0.15026927699704143,0
0.0647828109621063,0
0.2287258708501006,0
0.19233932186234817,0
0.07481260557432433,0
0.11244065089779005,0
0.2181271394655477,0
0.02846877179218968,0
0.09761770148026316,0
0.11710109632201646,0
0.1529646745816929,0
0.10087559586864407,0
0.43103626179245286,1
0.39593617411879894,0
0.11579076167257683,1
0.11639247796474358,0
0.09685947306485355,0
0.3571735963983051,1
0.45858631963315216,1
0.21970675156622912,0
0.41521267361111114,1
0.019863007447429908,0
0.26231428377890176,1
0.0586476441777042,0
0.09749661959134616,1
0.13800566075211865,0
0.3773589481581126,0
0.10436037643251274,0
0.07363438760080646,0
0.0758706921728972,1
0.19558502906976744,0
0.11025989284003831,0
0.09826591189971752,0
0.0635460623859489,0
0.123278081022351,0
0.140478515625,0
0.07056988856589147,1
0.15029824746621623,0
0.051462773299469966,1
0.1714442503776435,0
0.21744648894371346,0
0.19365694252077562,0
0.08522542317708333,0
0.38504622101244346,0
0.09388580646231423,0
0.08803743562082406,0
0.27871306046195654,0
0.04570956201214224,0
0.23004081811797752,0
0.08392055077709883,0
0.13110430572411003,0
0.11693628283514493,0
0.1037251084384858,1
0.15172284915123457,0
0.1544017269736842,0
0.40250222724780704,0
0.0682075832201087,0
0.02888640465095029,0
0.1366100383254717,0
0.10131704913908765,0
0.26933507519315675,0
0.39734738372093026,1
0.16772675095942982,0
0.1455638323643411,0
0.08203832653985507,0
0.053620711616847824,1
0.39272925967261907,0
0.14513295091043307,0
0.3973285721009036,0
0.09387121066241197,0
0.33343944233425415,1
0.3390025400744819,0
0.06418765169902912,0
0.12476534893992933,0
0.18826105565200618,0
0.21647921991171004,0
0.3436294367283951,0
0.0315540241745283,0
0.08990161162333736,0
0.2845502068014706,1
0.2510174530480296,0
0.11064515725160257,0
0.0177890625,0
0.09348767869015957,0
0.1096804920255829,0
0.17413119612068967,0
0.15104216137917933,0
0.11790850009137427,0
0.04099366255883891,0
0.07803492870145631,0
0.18850819205465588,0
0.19639201336596385,0
0.11640163961909872,0
0.30571381191037733,1
0.036772971929505814,1
0.054349269914987404,0
0.2800097474394786,0
0.11292732802013423,0
0.028144361658827787,0
0.0686952627388535,0
0.13097225040584415,0
0.08588503622761545,0
0.389134287044702,0
0.132337116745283,0
0.10224532074538259,0
0.04965870650773196,0
0.11711301641949153,0
0.11556627859477124,0
0.12789019416360295,0
0.07074947033898304,0
0.24266736260775862,0
0.15776018415178572,0
0.43575877063679247,0
0.3408385660046729,1
0.08620526713709678,0
0.45025706235363,1
0.1416742852393617,0
0.19074652777777779,0
0.1664015517611684,0
0.11702067057291667,0
0.069009765625,0
0.13467464091614906,1
0.27125746783088234,0
0.14136681189903846,0
0.15548224198190788,0
0.060193767655367235,0
0.0814961583161157,0
0.13917537181303116,1
0.1985626220703125,0
0.3784772398843931,1
0.1275977334486166,0
0.04053296425359712,0
0.06805092416158537,0
0.1405541204637097,0
0.04795091310134069,0
0.3073064630681818,0
0.10252479252700127,0
0.04340842406674208,0
0.09790549207089552,0
0.1957052479619565,0
0.3492726293103448,1
0.1503387721238938,0
0.1535112043467078,1
0.2021545665533473,0
0.10051985432330827,0
0.3917341820987654,1
0.05325789304123711,0
0.23169605152027026,0
0.39348619555995473,0
0.12261363123193642,0
0.18043915013424822,0
0.02794721271867946,0
0.12734465005760368,0
0.0870625,0
0.1455535137007389,0
0.38262877383474575,0
0.17855616155660378,0
0.1444144870923913,0
0.10700025945571956,0
0.1517430125671241,0
0.18016739153780068,0
0.30240115603885137,0
0.2879958662014563,0
0.1812749248169456,0
0.2647077086343931,0
0.036223162208366855,0
0.3885103383458647,1
0.09680026915015244,0
0.11608072916666666,0
0.39180618903540465,1
0.1281272122775081,0
0.036031125410412757,0
0.2049836189516129,0
0.2857519195661512,0
0.12790031719924813,0
0.36503134396477666,0
0.09660301523760331,0
0.07783327264300847,0
0.08513689470720721,0
0.25146075771443516,1
0.2605533400479094,0
0.04106410184352518,0
0.34380373430023925,0
0.08854557620891276,0
0.2766942885315534,1
0.09992520509133965,0
0.15184309295794932,0
0.17452341949884792,0
0.12618357574884792,0
0.10499882518796992,0
0.12887657544889503,0
0.3166018858650662,1
0.14410665760869565,1
0.2672405478395062,0
0.14584488407258064,0
0.1163178943452381,0
0.13721868474045346,0
0.06415187545687134,0
0.11396716889880952,0
0.40525684541868934,0
0.11632682550273088,0
0.0872998649691358,0
0.1335183848505435,0
0.14905486709770116,0
0.08071567357512953,0
0.20503504136029413,0
0.14260501828743546,0
0.41043359375,1
0.19152270201359833,0
0.20575641614819004,0
0.1550691212322695,0
0.343050833160299,0
0.0478803187573616,0
0.16330669717427618,0
0.06416386685017271,0
0.02314193507157464,0
0.4447747523488562,1
0.046480701142825896,0
0.17125622979525862,1
0.09035101037985865,0
0.2209107730263158,0
0.15978206883591065,1
0.10064603365384615,0
0.0813736226517341,0
0.10262128167955327,0
0.04870267896966994,0
0.4552271084522638,1
0.2734761211158192,0
0.08555292111579153,0
0.1680983262540453,1
0.18859066258591065,0
0.13502200866519173,1
0.24688521241830066,0
0.08300947143969423,0
0.1447393698770492,0
0.10361794864430147,0
0.08331521584169709,0
0.11922469991721854,1
0.2102381388346354,0
0.13573139675414364,0
0.44283668466862414,0
0.145185546875,0
0.15525202165570176,0
0.054099907309322036,0
0.4346058826572848,1
0.18510916573660716,0
0.11293833492366412,0
0.18802734375,1
0.12526950302055104,0
0.10444876651635907,0
0.08600328767497813,0
0.140381847798583,0
0.08261007907279029,0
0.13125434027777777,1
0.06501505761173185,0
0.14150655755090497,0
0.1764755690028902,1
0.04786235324585635,0
0.28113986137218044,0
0.3714815027573529,1
0.13401210455246915,0
0.21858852116141733,0
0.06999194895038167,0
0.1998337241409537,0
0.2782382307381466,0
0.10190830404635258,0
0.38066260494402987,0
0.35205568859924624,1
0.17957818330223882,1
0.1377011954066265,0
0.11800215871710526,0
0.1788381013938849,0
0.16535197513204225,0
0.13552649044296117,0
0.2921244804495074,1
0.12176228460864486,0
0.1984442349137931,0
0.06623286211426654,0
0.27029359879032255,0
0.27303812149859946,0
0.2484472385734072,0
0.08861666565827686,0
0.1271531438253012,0
0.14746856689453125,0
0.3831510208666134,0
0.08384432533914729,0
0.08875774515086207,0
0.15840107685810811,0
0.08890748255461164,0
0.42497122050910596,1
0.1113745490237691,1
0.1514892578125,0
0.16368609475374732,0
0.15145043686506185,0
0.28309521754143646,1
0.13830060123847926,0
0.09493418765451174,0
0.2142387058423913,0
0.10234190161671924,1
0.14783310308689024,0
0.14014400652985073,0
0.1542421875,0
0.3511570367712014,0
0.30912221900720166,1
0.39731134844653176,1
0.20576549087982832,0
0.1994796525186567,0
0.21310786877648305,0
0.2189163773148148,0
0.3809887266995614,1
0.24638629781788793,0
0.07507712977707007,0
0.41786977407094594,0
0.13332618316473988,0
0.09204312028556035,0
0.2368649646063536,1
0.29678759162808643,1
0.1437790329391892,0
0.18702746975806453,0
0.14555975731382978,0
0.13465831043956045,0
0.12787043006674756,0
0.08301153037753807,0
0.11859224759615385,0
0.10707493832236842,1
0.06215837566254417,0
0.09955060712295691,0
0.27395772488317754,0
0.3173063076036866,0
0.42450557481374174,1
0.14724256045854273,0
0.18113344254032257,0
0.10228720636992099,0
0.0831121714813206,0
0.17404992055084745,0
0.19661859221059114,1
0.13859477796052633,0
0.09146515514282551,0
0.1209294357846062,0
0.11833566558786078,1
0.4327788425827674,1
0.18530135504943504,0
0.04304434165794979,0
0.22433100905373832,0
0.10947273603451797,1
0.2901516618399784,0
0.08689122529231626,0
0.19106987847222223,0
0.06864333171738266,0
0.33554475203804346,1
0.014360574959150326,0
0.17894810267857142,1
0.11684155433006536,0
0.09716521009887005,0
0.20899508292214913,0
0.16120016163793102,0
0.16299576709494773,0
0.08696929793552036,0
0.05727270428802589,0
0.11043956375514934,0
0.15836063508064516,0
0.0655072648948598,0
0.10783854166666666,0
0.1490519895391949,0
0.3038536976959746,0
0.07018187699044585,0
0.21925871142782427,0
0.08114392018457603,0
0.11869590787639406,0
0.2831564510569853,0
0.0956689453125,0
0.22640039853238866,0
0.09599783761160714,0
0.10460462941976428,0
0.26265537871747213,0
0.15860037076271186,0
0.11978759765625,0
0.08581187424150485,0
0.46265133485099336,1
0.35190631934171596,1
0.13365400598404256,0
0.053325918145770396,0
0.2731538660386029,0
0.15185975191885964,0
0.025368970180615163,0
0.12874904308836396,0
0.1019355969551282,0
0.1259076286764706,0
0.38910410630518766,1
0.123911114246673,0
0.17366863614949749,1
0.14219835069444445,1
0.1232235863095238,0
0.1047705934758772,0
0.07148397312242798,1
0.39604888091216217,1
0.27125746783088234,0
0.11887621609669811,0
0.07961107336956522,0
0.11082867391748366,0
0.1191737912735849,0
0.08460012985546522,0
0.0317193393049569,0
0.3237220501077586,1
0.24413909912109374,1
0.11287149087338262,0
0.39636346726190474,0
0.11547943691037736,0
0.167517578125,0
0.038782429245283016,0
0.23146820068359375,0
0.4327992221765351,0
0.08101644860692771,0
0.4545355902777778,0
0.35456750748005317,1
0.10762311225156904,0
0.1261964507450331,1
0.13676329495614034,0
0.1919884314903846,0
0.4145148942093541,0
0.08769822278559603,0
0.2038486817571599,0
0.09433025981104651,0
0.15080520341981132,0
0.19672628165849673,0
0.07982692828757225,0
0.07822976825567737,0
0.14505737675721886,0
0.2629054004137116,0
0.050812048291721416,0
0.11468098958333334,0
0.41604590600775193,0
0.11523811661877395,1
0.10739223943280347,0
0.16593104084645668,1
0.26323740969422044,0
0.09752699908088236,1
0.41115887733540923,0
0.07383998977803738,1
0.12827952315167682,0
0.06964553265655578,0
0.11916071887860083,1
0.11456698919107391,0
0.09359403443567961,0
0.37153483677973975,0
0.1326245704467354,0
0.114208984375,0
0.13781382736650485,0
0.21028950058411214,1
0.04308446983381503,0
0.3011867717161017,0
0.19082496279761904,0
0.11221039870689656,0
0.06397795197147652,0
0.12125901442307692,0
0.19779146634615385,1
0.13777794471153845,0
0.26427053400383144,0
0.17421722412109375,0
0.13371449235094143,0
0.11415762129171816,0
0.06323957243723849,0
0.10169396033653846,0
0.44221785261824326,0
0.0885143705396967,0
0.17491524174528303,0
0.13544436626552794,1
0.08158190664872408,0
0.18954301778242677,0
0.11821978228228228,0
0.09802095389660494,0
0.18876988896520147,0
0.15389105184188742,0
0.4745266154661017,1
0.104013565621909,0
0.06160236227101293,0
0.029717627992021278,0
0.26598216869212965,0
0.405748784147351,0
0.11527843045112782,0
0.09489720394736842,0
0.052065641983695655,0
0.036979911465343206,0
0.082421875,0
0.15387333822513813,0
0.10439507078729282,0
0.06933780830938698,0
0.09383650652066929,0
0.16991730093676816,0
0.20501077586206898,0
0.08931050105886186,0
0.09459789379222973,1
0.12561319040697674,0
0.39530029296875,1
0.17136064547936894,0
0.34965646811548223,0
0.18511153990963855,0
0.08908928963950762,0
0.21572157915900736,1
0.11046615167227204,0
0.06453753972457626,0
0.20217666184971098,0
0.3103436890442133,0
0.23159081751432664,0
0.30822332974137934,1
0.11267024331954383,0
0.15821946914225943,0
0.17201377467105264,0
0.177000964701417,0
0.1962474261143411,0
0.18344439338235294,0
0.2243610963983051,0
0.11940712447964848,0
0.10106851089266737,0
0.12650302211934156,0
0.08319465853886397,0
0.22188480192843865,0
0.21311390939070352,0
0.48332994555995473,0
0.19131933909789645,0
0.087746680816474,0
0.13818359375,0
0.09521056058114036,0
0.09751859295986094,0
0.19673148992703046,0
0.08597868034638555,0
0.08272067254770059,0
0.17516447368421054,0
0.12493226156069365,1
0.27907769097222224,0
0.057204278523489936,0
0.07048576108870967,0
0.10625568871359223,0
0.06740099318484043,0
0.18752430359162897,0
0.12751254656456953,0
0.0821044921875,0
0.17892742465614886,1
0.06833350579470199,0
0.39288483432788945,0
0.056676265967153285,0
0.0942177734375,0
0.08568274456521739,0
0.2221262862042683,0
0.16735104480421686,0
0.13675107523954705,0
0.057610405815972224,0
0.10940258229961831,0
0.10043727444225722,0
0.09464330717165899,0
0.23443170362903226,1
0.12500411307912154,0
0.24139525558774835,0
0.045571001838235294,0
0.16060037815824468,0
0.09601202052038627,0
0.4564654181985294,0
0.16287109375,0
0.12916654698988972,0
0.14219447544642858,0
0.3297113515264977,1
0.18612619173728814,0
0.16148601086611675,0
0.18870161394032922,0
0.0741674291478979,0
0.1896326700846354,0
0.11560127560028248,1
0.2411220307984104,1
0.34946743277616277,0
0.2980321983381503,0
0.3636664028825431,0
0.11239307395143489,0
0.11975159620875635,0
0.13873733688186812,0
0.1543609619140625,0
0.1007376633121469,0
0.24258546333092484,0
0.2323872723917323,0
0.15891094355620156,1
0.20252182904411764,0
0.0664557794266158,0
0.04534449324928469,0
0.26066015625,0
0.13289510951661632,0
0.15882395905470914,1
0.07874298095703125,0
0.1500930182222955,0
0.21881028163580246,0
0.15375597723599138,0
0.26002044677734376,1
0.39197185757434944,1
0.11849447838345864,0
0.09587724079457365,1
0.14589790675951086,1
0.09337406664823009,1
0.2560993776483051,0
0.050363094248670214,0
0.24143422189070352,1
0.21993552128820962,0
0.1289407481317935,0
0.13400931980298914,0
0.044186799422554345,0
0.1432517538265306,0
0.02071846750311721,0
0.10773411800986842,0
0.24972177181603775,0
0.10105890012254902,0
0.047467558262711866,0
0.08978126851303317,0
0.09660295758928572,1
0.08624299312175043,0
0.05839431117957746,0
0.18602436550414364,0
0.06069800967261905,0
0.24479397532505912,0
0.11586610610875706,1
0.10914864445364239,1
0.06913844578103208,0
0.1886543469551282,1
0.4475652261416862,1
0.1289407481317935,0
0.07436857382162662,0
0.05438110930094787,0
0.1531320594879518,0
0.09792094118265993,0
0.07969358115842491,0
0.2039443193855932,0
0.080608150501943,0
0.13293104226878613,0
0.03690330494456366,0
0.1025697077667364,0
0.3756094337406015,0
0.4089862175707547,0
0.4204849507767341,1
0.21132421875,1
0.3971409153293919,1
0.13643606085526316,0
0.0965018627389336,0
0.08843822210607394,0
0.34502041501696834,1
0.20514438145280237,0
0.014794134324596774,0
0.21295322516025642,0
0.19021867148241206,0
0.14235238693467336,0
0.22116319444444443,0
0.07926659610684357,0
0.24509403623383622,1
0.1285677659476401,1
0.20047487249028498,0
0.11258410319629278,0
0.10707875844594594,0
0.1538446736453202,0
0.0746865234375,0
0.23379121894716087,0
0.12816084192154256,0
0.12055374404131355,0
0.10235493735083533,0
0.12088211535056657,0
0.0637991240530303,0
0.0813736226517341,0
0.31843324318910254,0
0.11081819581280788,0
0.18822093290441178,0
0.10843850921352584,0
0.35570165402719667,0
0.08823764249213836,0
0.2716671316964286,0
0.26271840688344594,0
0.13055656492248063,0
0.25668660062285226,0
0.3074207525143678,0
0.20200618233267717,0
0.15563206214689265,0
0.18147551255419075,0
0.16739654541015625,0
0.09747119593202884,0
0.10260410726505474,0
0.09170216527478449,0
0.07602109169678055,0
0.025417476935600578,0
0.2943009086277174,1
0.44804777922453703,0
0.10358111603353141,0
0.13408070559954752,0
0.08579395183741648,0
0.23426950713734568,0
0.08480105779867257,0
0.38956940932080925,1
0.05317474941037736,0
0.2827586942506068,0
0.45378503847361806,1
0.09064869900627615,0
0.24666110513663966,0
0.2918615772890947,1
0.11467152863300492,0
0.3665447856104651,1
0.08495711533757339,0
0.21889695843446602,0
0.3003150915250809,0
0.1492638221153846,0
0.1775542712602459,0
0.12099543833892618,1
0.16814666624493926,0
0.09612436245142487,0
0.09136327441491689,0
0.13084891183035716,0
0.02214409722222222,0
0.4154753137807377,0
0.13114149305555556,1
0.21466827392578125,0
0.10405566751325088,0
0.21813451943277312,0
0.12685618681066177,0
0.12440928533631232,0
0.058701667232789856,0
0.07440126289441748,0
0.1899939903846154,1
0.15961216517857144,1
0.10005054139254387,0
0.10733539942978533,0
0.052309782608695655,1
0.22320197610294118,0
0.22556089743589744,0
0.16711919707369943,0
0.06967645673350398,0
0.0581074297188755,0
0.1723975466008772,0
0.2516158585695876,0
0.08651053473121761,0
0.36250131082214765,0
0.06654060927013423,0
0.2705971220619658,0
0.13695119059504793,0
0.0532704365611588,0
0.10277273995535714,0
0.09978683404460352,0
0.14065579251126126,0
0.1283348880597015,0
0.19885199652777777,0
0.18852074032738095,0
0.15050076362781956,1
0.259450251324813,0
0.108865234375,0
0.08329224817961164,0
0.07928403688146234,0
0.3812973179768041,0
0.1138759328358209,0
0.021405475895579267,0
0.16982860779494383,0
0.17844661458333333,0
0.38067788993362833,0
0.05073474702380952,0
0.18672732367505354,0
0.11403414818548387,0
0.11077082873233215,0
0.41300718245967744,0
0.18899421405075187,0
0.2626791561351103,0
0.3171596613404977,1
0.16662949299125515,0
0.1355756854645594,0
0.09576135642115724,0
0.0887669443294702,0
0.2148193359375,0
0.1600411773487261,0
0.38364854991007197,0
0.13952496408045978,1
0.39045397763324874,0
0.08838956741266375,0
0.3337940280720339,1
0.2773015528549383,0
0.12210548530190678,0
0.15647618910845587,0
0.12457850493920973,0
0.14586166814271256,0
0.36334859913793105,1
0.15423943014705882,1
0.06512558251096491,0
0.15224095394736842,0
0.3915530041436464,1
0.20227880385315533,0
0.1785298530629139,0
0.06205859375,0
0.33702895220588236,0
0.09584503173828125,0
0.28800357680722893,0
0.1617336194701646,0
0.1609385500672043,0
0.1784336055513595,0
0.08905473923841059,0
0.16545396044075145,1
0.17200999540441175,0
0.09078410287921349,0
0.36387990900383144,1
0.134421875,0
0.18740931919642856,0
0.42515246174483307,0
0.3940514360549133,1
0.12683624916888298,0
0.09095719469142259,0
0.2849754050925926,1
0.07425543434261658,0
0.3998273882949561,1
0.22835051255419075,1
0.08601470397018031,0
0.021340628650700934,0
0.36114076126453487,0
0.3835911721176242,0
0.08803431725069735,0
0.30387328794080604,0
0.11101512419871795,0
0.2193188713592233,1
0.15271515541888298,0
0.04800841968911917,0
0.19309746168582376,0
0.061023163377192984,0
0.35272292148919754,1
0.175334039135514,1
0.1298091964811543,0
0.09811369243421053,0
0.07929951435810811,0
0.12241708827146691,0
0.0929174702536611,0
0.14270303415697674,0
0.4098307291666667,0
0.4347468964041096,0
0.42471693188364057,0
0.24153268574089404,0
0.085820775832573,0
0.380615234375,1
0.22646768810679613,0
0.27310447868663595,1
0.3972931690705128,0
0.16151759935461957,0
0.3044579108029801,1
0.1062155330882353,0
0.18313433266625614,0
0.11431323385518591,0
0.14014440821850394,1
0.26124609375,0
0.3527819511217949,1
0.0845087038590604,1
0.07412269467213115,0
0.11972873263888889,1
0.2754217570260067,0
0.3282993861607143,1
0.07202001806493993,0
0.2329446543817935,0
0.07108677455357143,0
0.19606030081200787,0
0.3839954494201031,1
0.09292776473445596,0
0.09745430206794682,0
0.1859523967161017,0
0.2289911905924479,0
0.08220367431640625,0
0.14719172297297298,0
0.2798514660493827,0
0.10614102128623189,0
0.17576290417268786,1
0.294228515625,0
0.06210316364840989,1
0.0689858829273897,0
0.3356789981617647,0
0.10131993447580645,0
0.26244785774886875,0
0.08789983785377359,0
0.4218791379766949,0
0.09521273908943965,0
0.20915234375,0
0.2408077116935484,1
0.4360340854577851,0
0.3248040069686411,1
0.41322709255162243,1
0.23316322884908536,0
0.14110559178149606,0
0.09055555555555556,0
0.1113200274668325,0
0.16789083277925532,0
0.15941454016644022,0
0.07647079510041552,0
0.14931594991238317,0
0.15278645833333335,1
0.23458203125,1
0.1248344809322034,0
0.12368451286764706,0
0.017226905153508772,0
0.18378186968838528,0
0.04178950471698113,0
0.042812660092213115,0
0.4119296875,0
0.12816321331521738,0
0.13535767259978426,0
0.40212421269379844,1
0.416255512304007,0
0.275828125,1
0.15121886550739247,0
0.41109086393900346,0
0.0554838130957539,0
0.19677734375,0
0.18201875908430232,1
0.09414106688348416,1
0.22665387426900585,0
0.06437635121855347,0
0.07917909511596788,0
0.20303499423963134,0
0.20103561046511628,0
0.15059439591535434,0
0.20351716289370078,0
0.09810723198784722,0
0.1688996112992611,0
0.015964165419161677,0
0.08752835181451613,0
0.0788720703125,0
0.41673828125,1
0.04142466762609649,0
0.40922265625,1
0.18234071775114155,0
0.09267361111111111,1
0.0819558536305147,0
0.07166780537072244,0
0.10899441247323341,0
0.11417743698559671,0
0.13695959142736486,1
0.0691318258401034,0
0.20853829089506173,0
0.06887419327445653,1
0.3041656494140625,0
0.2889633752349624,0
0.27204850576456313,0
0.23881563505901288,0
0.20439278738839287,0
0.07296382155373832,1
0.11943636632492113,0
0.10892295163427562,0
0.21741132288171142,0
0.0996708237536302,0
0.10604283799686193,0
0.20482978951890035,1
0.13699287280701755,0
0.13237455702319587,0
0.2726368015095339,0
0.10333160465738758,0
0.07479911938048246,0
0.08468717311715482,0
0.12973561006433823,0
0.07088144759685673,0
0.16567925347222223,0
0.21635219029017858,0
0.19914593612938597,0
0.06540234375,0
0.19920095837550608,0
0.16223310237556562,0
0.14320634051067074,0
0.2019874462182971,0
0.1880922379032258,0
0.16723360536710039,0
0.10271117696360153,0
0.04363897467135086,0
0.1008444112340998,0
0.26707271107456143,1
0.33279296875,0
0.08347351427023121,0
0.303164354011194,1
0.31053883744855965,1
0.1682642886513158,1
0.2286182050945378,0
0.09578508033348057,0
0.15314438763786764,0
0.46265694754464287,1
0.12567162949980112,0
0.23403546668046357,0
0.23923443733377658,0
0.24668141592920353,1
0.35925174453883496,1
0.35176574077802836,0
0.22163795405982906,0
0.07639589414491758,0
0.24582261029411764,0
0.07703089576463314,0
0.08617022064633376,0
0.1718317892699115,0
0.09331475888578275,0
0.08312277706885317,0
0.10968660608268567,0
0.0662738347457627,0
0.19174985532407407,0
0.1081521967405914,0
0.12662179129464285,0
0.034432646892823195,0
0.19859373011074338,0
0.12967741459382873,1
0.39778005044291337,1
0.13345555719339622,0
0.10746056898584906,0
0.07355908526490067,0
0.25013068108143155,0
0.25721121947983017,0
0.06747058844286359,0
0.37322327718569365,0
0.13625176960989932,0
0.0577896940494012,0
0.20487890625,1
0.1611744488856589,1
0.23403267238451086,0
0.26299063036941583,0
0.06436631944444444,0
0.21048196932164634,0
0.012445562840084643,0
0.13332756974750623,0
0.12892766584429824,0
0.19548965081935976,0
0.0589701146603512,1
0.0359719337066474,0
0.09639729442684332,0
0.18296983506944445,1
0.10748119889018691,0
0.294510757367228,1
0.15263200190071557,0
0.17179546097285067,0
0.06680846133474576,0
0.17530581825657895,1
0.1324305517748258,0
0.13699287280701755,0
0.25245853892543857,0
0.21378364675516223,0
0.09099487103583197,0
0.10646835498595505,0
0.025122188827366505,0
0.0486392236957796,0
0.11587966541519434,0
0.11250440045493934,1
0.11110858769379844,1
0.086438715852649,0
0.4571010044642857,1
0.10977291277985074,0
0.09541015625,1
0.3088153111452312,0
0.10426927649456522,0
0.09804137323943662,0
0.1052758487654321,1
0.06261861082995951,0
0.3074207525143678,0
0.07862457360083257,0
0.09533376095479705,0
0.052289130508705116,0
0.30586957789179103,0
0.2133058922313084,1
0.45185712394067795,0
0.11627585350433527,0
0.0324148712364682,0
0.0673001197076613,0
0.13481824151400862,1
0.25421308534743203,0
0.0738268400493421,0
0.25235733133278143,0
0.37804941030649036,0
0.26479406524122806,0
0.13166590287476723,1
0.10581110811781609,1
0.055405560661764705,0
0.0841847120300132,0
0.2534132737379808,0
0.14860157831477733,0
0.1094089084201389,0
0.07203316868702771,1
0.15142518259099616,1
0.05773772554916318,0
0.36799200148809524,0
0.15364644752358492,0
0.25033560333702065,0
0.417359375,1
0.08143595621257485,0
0.34190955528846156,1
0.14936323768587362,0
0.12783285535337552,0
0.08312462116109914,0
0.4325574994694397,1
0.10313085037442396,1
0.12408746724464764,0
0.2286182050945378,0
0.19425875214776633,0
0.24622605846774193,0
0.1339915667393411,0
0.033980149489182696,0
0.018712760116647464,0
0.1042713466026971,0
0.30466971492135764,1
0.07343739419691224,0
0.048451464016933204,0
0.14364949939320387,1
0.2051345661122312,0
0.10246288427681473,0
0.12793764860733695,0
0.2284097326807229,1
0.0602567664748954,0
0.150390625,1
0.1470972696940104,0
0.32728121573464913,0
0.1419435843894009,0
0.09762985641891891,0
0.3526632496387283,0
0.10080231535756155,0
0.12986521677927929,0
0.12040579359965636,0
0.058450899540205305,0
0.10827228580927052,0
0.06421228357263513,0
0.12029098252118645,0
0.141198856314433,1
0.16213107638888888,0
0.12195622809579439,0
0.3363415948275862,1
0.27211491141732286,0
0.2756282177921456,0
0.28733543113425924,1
0.23702199835526316,0
0.10770263671875,0
0.062454659598214286,0
0.04433365314327485,0
0.20394031613372093,0
0.09284084197822515,0
0.13483297413793102,0
0.07387302065855705,0
0.12637317409003831,0
0.11149198887711864,0
0.09284779723261444,0
0.31404130329457364,0
0.10870975776006711,0
0.3794290998340708,0
0.28674518732734805,1
0.09583536783854167,0
0.1408889358108108,0
0.3894501069260486,1
0.08827007247740964,0
0.28790568414135514,0
0.23239793964460784,0
0.12218098958333333,0
0.09133824645748988,0
0.3703225071775618,1
0.10438406808035715,0
0.22764402015186916,0
0.122414095371669,0
0.11165597098214286,1
0.264892578125,0
0.056676265967153285,0
0.0793025687389576,0
0.12632637593283583,0
0.41970531511506276,0
0.1098352191091954,1
0.17154555722891565,0
0.33227171011306533,1
0.11135595450129533,0
0.247855488379397,0
0.393719482421875,0
0.07989192708333333,1
0.2256862433381783,0
0.29834972798583,0
0.09454484871233713,0
0.1961250964506173,0
0.15240119485294118,0
0.3466133777006173,0
0.15690617606466878,0
0.08494258106203008,0
0.2059149192611524,1
0.08885783345306514,0
0.2247974185881877,0
0.1142763671875,0
0.13168599286417323,0
0.07753261596788581,0
0.12496593386627906,0
0.1751080681295956,0
0.11091345617752008,0
0.06787654238197426,0
0.1138298509355275,0
0.4062287159455128,0
0.07259679367113564,0
0.2948965754533679,0
0.38149978407663315,1
0.18271673998786409,0
0.20545486992385786,0
0.47082273752097314,1
0.007987276286353467,0
0.21240234375,0
0.4401209904597356,0
0.18413502301356588,0
0.14146875,0
0.06997333458083832,0
0.09956679554784824,0
0.09257139008620689,0
0.08423482960668104,0
0.3446095784505208,0
0.1183681640625,0
0.161499984621063,1
0.13285678326372316,0
0.23675506438442212,1
0.1979439270320197,0
0.05480127427184466,0
0.016627431705298013,0
0.43215575332903783,1
0.011626144935344827,0
0.04311779114782886,0
0.07260934355433811,0
0.09637225115740741,0
0.09544020432692307,0
0.22971335018382352,0
0.1738035573899371,0
0.07979657186272102,0
0.15669405955188678,0
0.08716617821390937,0
0.09671302149178256,0
0.19686084165892193,0
0.06394834776182433,0
0.053542148919753084,0
0.07742573302469136,0
0.08737934499547101,0
0.16993323037790697,1
0.2532345871040724,0
0.16784956323818898,0
0.13206679850941422,0
0.16109436827820617,0
0.24955683169157608,0
0.3873220005193906,1
0.08017670129542395,0
0.21018721417682926,1
0.4176484375,1
0.1428548587059194,0
0.08488992279245709,0
0.05418106703066915,1
0.17965060763888888,0
0.19418853183962265,0
0.40961421301605505,0
0.15981556707461977,0
0.11884825906635803,0
0.408916015625,0
0.2454038186762537,0
0.13069661458333334,0
0.11137364274364407,0
0.043822404176201375,1
0.026487038352272726,1
0.05766314338235294,1
0.03646722360819328,1
0.05793283105211082,1
0.04050297030990017,1
0.07511735162815127,1
0.05282738095238095,1
0.029885316506410256,1
0.034560166396103896,1
0.03670269691780822,1
0.03973488729508197,1
0.054509491153258656,1
0.04764867555401662,1
0.040534319196428574,1
0.047580978431989926,1
0.05692435599662162,1
0.03952182656671159,1
0.02296044360632184,1
0.03179150622037915,1
