0,uuid
0.16256405329251905,acdee0e6-c467-457d-a669-8d37489fea6e
0.11879592833010454,41201fb5-138a-4fce-9119-7432efd5baee
0.7029252023008107,d4d26717-efb6-46d2-84a9-d3b442743b38
0.11594738461333089,49b57e0d-2087-48b8-81a4-c7f1d62ff608
0.12209300950736386,1672163f-46da-4fc1-a752-0be874dfd06f
0.1607310436493506,b237116b-fc80-41c8-82dd-b4b44c6e9080
0.1401950080376612,ce424814-cde4-4261-a372-3420cab2a20f
0.3874129930207243,44f3f21d-61ec-47ae-b913-9596b8b1e657
0.30256431720372845,7a314589-c3cb-4213-b3e0-d8889d82d165
0.3271779030593072,bd1076f4-82ca-4836-940e-b394be933b44
0.15006353830310884,92930521-bff3-4bcd-ac46-5ee80937af6f
0.15772938182400023,2dcc61fa-f6af-46ee-b67b-2194c6dfd1fb
0.18115906479404142,17e06f57-58d3-4578-98b1-8db2ea3dd7ba
0.17139309118034407,4d996e78-1dda-407f-bfe9-3be9f54207cb
0.09005694199678829,62aa2782-e47c-4662-8def-e8730efdba7e
0.350376656863347,6f768d61-8b5c-4df3-8266-7a3967d2ba79
0.019532617398576212,6320b795-4224-4200-a4f0-5b6e06e6006e
0.11876546041932558,d9d228c3-13f0-4f93-887b-b72dcbde7347
0.29752222431173075,5581eb2f-12ac-4bc1-8b9c-8b4ca5ba6104
0.1383059527586406,20c07926-c2b5-4984-91dd-d85b5eb5ee89
0.28493613419122543,4264e226-2058-4c00-b7d1-7cf17f12e77e
0.08882828073391091,c897203b-2c4c-4bd2-be2f-375732539710
0.3605967018789022,93abb14e-07c1-4186-b010-9c7e7e3abe50
0.1694793000072983,8d084d57-5a14-4561-8123-332661e8ca53
0.24271499796228319,76007b9d-35a7-455a-b058-8ef376abca14
0.2098914305221043,a0c29c00-78bd-4f79-a486-8a928cbaead2
0.06476154875281637,323365d6-dffe-4938-91f2-dcc92782357a
0.13992707463905346,58961dbb-4850-4f7f-862e-762d9b40a967
0.5869085129047351,73d266a7-52e3-4c18-bb22-b6b74fca2cef
0.0587516746845448,3e384613-388a-45d2-8384-b2f9d4f40e70
0.05206522848920504,ea569c40-1a0b-499d-8c29-b7a772d37265
0.25575853608105775,27a04d3d-1657-485a-89f1-6648f16f47de
0.5423492830919258,d7e5931f-c0fe-48f4-84bd-2ad42c3bb95d
0.5652871820835229,5ce0e050-7afa-408d-aeeb-98c214a5fb20
-0.002252772989700398,ca48340c-1365-4923-b636-77fc0a3af28d
0.06476154875281637,431114c6-c9f2-417d-b100-44074a80503f
0.40826835674984685,0399d58f-6c0c-47bd-a824-6b9d30b79ee9
0.18735399523701443,2501ad5b-1dca-4cc6-9aab-06e0ee207bd1
0.17903342943321596,baa6f4ba-a035-4a62-b569-2dc8da5dfae1
0.14391544291373032,44e90311-45d0-45e1-8d43-bc255c6cda7a
0.18211348659577076,978a0081-adda-4287-989c-6970e7d37901
0.22032737024172838,60e562cd-240b-42f1-b65c-3ece8a295dae
0.3200458523723356,ed67d53f-3288-4db0-a5dc-76cf86279692
0.09230615241869046,714df8b6-c6a3-4a41-91c9-d67278472b01
0.06476154875281637,fc510f75-1f4d-4e89-8e03-236b3c678a5f
0.19449862557594358,3bf3ad52-f82d-49f4-8d6d-b877c1e4ec36
0.30841700002533207,d9210c02-5fdb-4044-ba82-10ac64a202cd
0.18366833265205335,cbd2b0f8-eb77-4cc9-a58c-3db563d51bcc
0.4624721924885106,25c0dbd5-91ca-4137-929f-120978e5a7fb
0.10370379696487063,07544a65-d8d2-492d-be7d-eb1729cb5fcd
0.012098275431434068,361235ec-f9d0-43e9-948a-0e9b28e58573
0.6030988197850127,73834157-2aa9-4eb1-bb49-58cd45605d90
0.039820765405034084,56f19064-1efe-4ea8-9c96-e110b92aeaff
0.048989559130050875,99e04275-1448-401f-8e97-e44ce4a5929e
0.14448759236597586,15314b92-e6df-40a7-b586-80d68f01ecc7
0.22349166098855253,04edaf65-90d9-4503-a91b-9ed373f4b04a
0.19421949219554835,de635d0d-d1f6-448f-9198-770d5f5c1a9d
0.11603009907218349,11e19f98-5223-48ed-a05a-2526ef9d4404
0.08695237976342493,d604b851-77b3-4e29-a6a0-be7fa6a5c3c9
0.14161166346679843,4ae31c9a-ef61-482f-a1b9-f8c522bec551
0.21980408039881433,2feceeed-ea14-4b91-a1f7-45f25054db5b
0.07607537944409686,c1086247-4153-4aa4-8b32-c2a9df2a582b
0.0939704664548429,a58c23ed-94e9-4cb4-85b0-388e44928173
0.3157957038357187,994af1c9-ff90-420e-b3de-d3275f8448da
0.27820643427341085,fbfc4ace-e6e8-4b35-994f-12e45c98fa42
0.10056706259073128,de9ab016-1f83-4258-9b01-35c95124638b
0.29740302703916477,0ef1f106-d760-4c06-8d1d-f1705600297d
0.020159593054611655,91828908-5abb-4797-9562-90e7ae3bcc71
0.038340810917575754,1f3bf9df-7ccc-4ad6-b68d-917ec4f3be3a
0.1497294569609777,3bd1f005-4b53-4e73-b6b0-40845081d88a
0.3708209782424329,20e5927a-e1f9-48fe-943f-3e5880acccaa
0.490554765577643,faf7f590-a9f7-4299-9bd2-d6e4b48bb8ef
0.188240960770645,60fc6ed9-4421-4abc-a839-af2cb9bc8630
0.13828885774636857,18c26d33-ef3a-4f77-8acb-0b470f83f8e5
0.06476154875281637,202f9243-0ccb-4e51-a29e-2972e9fb09c2
0.07116709558769872,092938a6-2585-422d-996e-19704e1e1d1b
0.061844181898321346,17c9051d-23ae-4db5-a33e-79ab886b9def
0.14451953067949272,4bc63014-8a87-4943-87e9-8bbcaaf84a1a
0.09900540289894194,c805ebec-ac81-4bdd-bd3f-2f8d44b47a28
0.06476154875281637,098d6157-0cf9-4858-a4b9-5914f2c09307
0.06392745486661176,2e440492-591f-438c-94c6-cd9f3832f559
0.41592049316707574,68d66512-14ee-464b-be2c-86bc1cf05e05
0.27665619587911944,8d80e167-367a-4c32-8640-de8206ba51bf
0.17694751537454897,0d43334d-9bd1-4f33-9a03-f95d581d2a68
0.38542141994824614,577c61b8-c568-42a6-abac-a6dbbb89cc3f
0.06474002179166165,c8a525ba-e9c0-4f6f-bf18-03525436ee15
0.2119470313165016,aea64836-569b-4a64-b88d-b3bca08911f1
0.16644394065621998,60ec0c3c-fbd8-417b-ac91-f7cb689902f0
0.20060390203259096,d320e5a9-21a1-4b1a-b221-5d5aa9c1edc0
-0.012524230783971113,8a743b08-4d9f-4459-9170-ed3d331427d1
0.04998207342800311,66b8a11b-7505-4f85-9281-a1c59b9b16c5
0.1346041452833014,f1c25b6d-4600-4a05-8114-7da1fb339a5f
0.18654075758624264,d93eabce-b155-41e5-bf04-d7031b703f51
0.6750296594351656,aa73dda2-20f8-4cf7-b1b7-e5e36ffef6a2
0.05641535637351129,b6baf2c5-b0c8-4fad-8732-75e4a3853e69
0.0941447152706179,7fe3b3a2-d7d7-4108-ac28-6ebe2f4931d1
0.2482027922712634,a2da6ded-a994-4980-a3ae-aa5f76d28095
0.4279940294532631,51c2ac9b-0110-4b2e-b57b-e09a3010605a
0.19718719688894812,d7df4c37-a114-441e-9467-4f9fa5b2c126
0.15127423778044252,88d1671f-7e48-407d-8a94-372e572c6663
0.1725421974831845,297bf501-281d-471b-8e8a-4a1c94b4c0b3
0.13502046729080966,2953cf2a-e075-4f06-ac7e-e0bb2cdc2a3e
0.07055634015153142,ab1c122a-987b-45be-9ac5-1ae5e07a83f0
0.09078823089317781,075177de-a65a-4456-995d-481a6e3c2527
0.17389032023671758,ae8225d2-e385-422f-95e6-d600b18284e5
0.17235195376996051,2d565726-217b-4c38-906a-baf366c7cdc1
0.19710009497655487,936ef3db-f6e8-4e6a-90e2-119599429fb0
0.2838609669932224,90d0db35-88d6-44fd-ab15-9e51b8ca588c
0.17946306541586443,d4e5ca39-0b7c-4198-8042-a3ac0655914b
0.7582113236410923,eb50a10c-dc15-4018-a127-7a87175527a1
0.002026876358958412,ff42b92d-abca-4570-9db1-490f8bf0a62d
0.03871044337276561,9e95ce6a-f429-4ba4-a7fe-9d5a564a2af8
0.20232224482358097,b9bde504-f203-4af7-b11a-a6fb1beb6988
0.06476154875281637,a6fef7fc-4a8b-46ad-9e9c-4a54e2490f04
0.19918247317206972,25641dc1-1e69-42eb-9e3f-25f3a00c4343
0.41854861456564235,a5f711e6-f105-4a7a-bb5f-8b0f506d8517
0.037341037508742264,62caea61-b38a-46c5-97ce-f7c46ee67f3e
0.3262500269797164,ba0ac608-dd0d-4c1c-848a-0dd7ad30d2d7
0.26562505254169977,110b2db0-2d64-4d8b-82bf-00faa8d5077c
0.09241665016489085,ebaf67fe-76d8-4a42-be0c-e2ee12e4c440
0.12570188062703805,9f627153-5883-472c-9ea1-0a3397a85d62
0.16192941820898837,6c2cead8-bcb5-43af-bd16-c85dd05cadc4
0.08248184297604107,b161cd04-3cfe-417e-a105-788ae3ad3e42
0.3167387628209446,adf47507-8398-467e-8c7c-823d95ad4f39
0.050983490144358865,e83b52b5-6acb-48d0-ab67-cdddcc20d5f1
0.04685031540236295,7d2aba43-9b4e-446e-b995-b1d2789d0e3c
0.11522180247732687,3f5e3b85-0bf3-4fd6-9bcf-bf1dd4cd447b
0.11869708683017048,15721cc5-808f-48b5-b489-4a33aa2ec0b3
0.15556810297810578,0ad32021-f95c-408e-ac7c-39eb0de05700
0.5874704045017747,feb49007-262c-4dec-9d77-c9786683739d
0.08735223979004474,5028a011-c8f2-4205-869b-56dd32a8b5cc
0.17141255890291748,46bb59c1-07f0-44ac-9482-83d94216f9b3
0.06476154875281637,78b85bea-fafb-4c79-ae18-1947f0a0b575
0.009074039886876151,a8b8543b-1204-4521-ae9a-f46b17811c8a
0.0614474097623364,b2849e7c-115d-4119-b85e-f564fb37796b
0.23992577007670557,aea958e8-dc51-4000-a8ee-54733ea2e898
0.31775946421968393,06ae2230-9492-4517-91d0-0313cb4db995
0.19008941377992083,bc520692-62ee-420d-aad7-1edfb639e919
0.292295095569975,0299343f-c89c-4f48-af8d-33fd5d91754b
0.3323052781749363,44a699d2-2e96-45b8-b002-b9cdcd9ea22e
0.10607285505510328,b4ecf6a3-8493-45a7-8475-b8c007c2d15b
0.2670497612806986,07ef4e67-189d-4cb7-867f-3a3fcacef85f
0.045328124849081775,e21ce4b0-9723-4586-aefe-3f5aefdeb1a5
0.1571768315183166,c512b626-946f-4856-bc91-2e625faa25eb
0.2977406844117042,e6ef7d64-27c1-44a5-a383-133f0f04e578
0.29012808936985185,f99989c3-3bb0-448d-b90a-cdff68251083
0.42359460751031996,70f9a6ad-8f77-4fdf-81a5-ac06cc684389
0.2235191289524552,ef44f746-5443-40a1-8cfc-db2ec478992c
0.1533421686051788,9ca46c87-db8f-44cc-827e-adfaf156be1c
0.15824453152237233,6ef6f129-536f-4003-97fe-441bc1d084f9
0.7626896345135179,912d96e5-4916-45f8-8866-adbdcae89763
-0.003570292162933997,e6e77fab-89bc-4e89-9a6c-549b19ab83e1
0.29222111232883213,4dfa2916-82d9-45f1-8fd3-dc15c159af73
0.07138484558547162,d0c3b153-d30a-4fd7-a384-dc1b52e65ca3
0.006619774483872052,9e96d738-d609-4ab3-979b-729cd9de2dca
0.10611525087785946,125b3f6b-5434-4870-bfc5-ac2b64eda3c8
0.10096125971031429,c5810ee3-fd58-46c5-9ed2-fa560f9e71b4
0.21435027347867913,dfc4b6fc-bb1c-4c28-ae09-0dac3aa17748
0.05474524439902918,9e8fff1c-0c13-43bd-b1fc-79032c8bed9a
0.09782602411525128,31138cde-91e9-4f5b-ad00-7875a4af21b1
0.044509495607923166,e4f5dfda-caf6-4b31-a8c5-ef24ae3a92e2
0.2699335327728742,e8e20495-773f-4300-b91b-18fe367d559d
0.06476154875281637,5db29048-3db0-4d69-a5f4-2f176c55fab1
0.31652470277233236,af391e37-2e6e-4b1e-afc6-65b566bd8aba
0.1355972534797415,9372ed80-9e37-43c7-9e19-a374e900907b
0.13129083193432922,df4d0458-dcbf-4aa5-8dc9-8e5ee1d274f1
0.06476154875281637,44570119-8691-40df-8680-b1c71e712475
0.14846203574953096,997ccde6-aa03-4306-ad56-ccd5b3fbcb5d
0.0860733898397035,68fdb873-2b86-4918-8831-2c978365b263
0.04190565722415057,98347ec7-c376-4a52-bf3a-ee5ea2f19bb8
0.15714055526360224,fe35848e-6598-4eb8-9fd9-7797a1465330
0.545867470167751,0c4c6550-2b93-4b0b-9b55-34386dc21b47
0.19213020487887245,f195fdda-cf33-4aa0-a053-8142510537e5
0.07799138700843554,3f4bdabe-1a65-4cb7-a0f8-77de6fc2daa0
0.10033328541875033,f08529d3-62c7-4d7b-adaf-4231b1a60e8a
0.16967652928335036,3ec634d7-c345-43c3-a991-a986afca0816
0.2965317053054312,7eb7069d-7c7d-4fd9-8eaf-9e083fb95d71
0.05597465708846011,7e05c4d4-2a48-4258-95a7-2f6c5f823400
0.19721423686763953,8bab79cc-b177-4195-a49f-3fca80d9e1b0
0.1646850976548816,c9ecd9ea-4077-44c1-b26c-3140de6c7fdf
0.10073703994810004,d6651187-af12-4874-8471-1546205fb803
0.19442764684159328,aa670f50-67de-41bc-ae34-20e926397368
0.429258340396826,5b77dfb5-44f5-4149-a0d8-6a146b46e025
0.07802857531784854,187b7bc9-e149-43fc-9ad1-9eef5fcd4577
0.45564426028489924,6f244c96-1207-405d-b776-acbcb84bfc05
0.04057515919963123,892a88e2-f73f-47f6-a997-c08295e8abd2
0.18252658344875916,1caabf80-b12a-4ceb-a56f-7ffaf76a53c2
0.15696578657448387,9d60ba02-fe2a-4f9d-9390-0733b5e0e498
0.30374533539329723,dc7b98a9-f0cb-44cf-92d6-6a7a3696a02c
0.1151639721458949,ab3985b3-28d4-4260-8832-d967bbfb229e
0.2527823017209057,2e3c2446-44ba-4a13-a3a9-a03689b28b7a
0.16441108212139863,954e0922-2491-455b-af1c-38f6e551b859
0.6192299394763343,370824ef-4de3-4a06-9737-ad9d5cebffd9
0.038553165631522515,a617a325-9c91-46b5-9c21-7d9059deaf37
0.27663990563750146,53b702fd-09ea-477e-bd96-45a4ec35b47d
0.0714443441039039,0e4192f6-8d37-4df5-ab6e-a6ca57ec6304
0.14997167937083453,3bdc79bb-8309-4a5a-95fa-2d3affe70a49
0.06623063129074136,f44648bb-7629-49c6-aa19-9b67c6e6dc38
0.40384627103819937,0579e122-357d-4108-b20a-c122bea5e57b
0.0581608937820144,17b4202e-4d14-4a06-b9c4-636cc71215ed
0.03953052290222242,f5adc34e-4bb7-47b5-a153-a05004f7a912
0.07490103734905963,5269f729-99fb-4b56-8ba9-9fb97fdda82a
0.23063613581932177,19f12407-f94b-4c31-8597-48de9dc1731d
0.36506897636799546,a3606019-5bcd-4757-9fa3-176b07339b5d
0.5254394969086899,8a54709f-f94c-4d42-a48d-bec6d61e7c17
0.02030776214373194,46000bec-fd30-4269-bfbe-f14a056815c6
0.15732045734190217,4d0b248e-b558-4956-8a5f-2c7374ea9765
0.19783171108456932,2223d3f4-e297-4231-b7a4-92c6ce7815f6
0.11015116131027368,0acbc6ba-c520-45df-b24e-46c8a7959a98
0.4029761864572574,91216403-26ef-447c-b401-3526b41e78a5
0.4526458589518136,e8d5b88b-c663-47a2-ac5f-d296e248199e
0.08130073283110177,bb3b70ff-cd54-4f3d-a8a6-de02933c5939
0.11933116064707418,2ed9a656-9875-40d2-b112-d8fe38e68335
0.30589002635535595,0eae7d16-dea7-497d-a409-8b154acbb268
0.29954634774102146,76047b26-f459-4351-9333-af2dbd74a2cd
0.1631434285741891,14c17b0e-5dba-4e7b-8aad-c842817e5580
0.3194950603390842,d58087aa-5be3-4d26-be2a-4272f2442ed1
0.0518051290088303,c0e8df39-0f53-43a3-8c18-b85f7304246f
0.28397531949446925,0d44486a-88eb-4d6b-a9fc-b6d7ead67b0b
0.3587494663254233,460520c5-490d-4b78-ba56-8f72397f8ee0
0.03210642182533438,64e5e875-ada8-4005-929d-af3a8133dfcc
0.05381604098118854,d8ce8a39-6ea0-4a91-8859-a0320f7b1966
0.1055473889034975,c69445f4-d49c-4765-b0fd-c0ecae36af66
0.21180815640213482,646e5392-2d34-4af7-9ba6-5f4a057c8a95
0.16029733223260034,b9c198e7-9cf9-4f01-a3ee-f3b5635be6eb
0.01703505192709939,ba824182-08dc-4d84-a982-3a9bc8eef316
0.30281477083636976,a6c5173c-3550-4c49-9a7c-f599411acc50
0.18835988040622112,0ca0f05e-ea61-44e0-8ca6-abc80c013c5f
0.09304442109580108,af480e3b-3937-4063-8872-1f0d6fd4bfb5
0.053041517987898884,9307e13b-1d87-4394-b5ad-b737019e79e8
0.07291809218099518,df898c5f-55cb-4f76-b9ab-94d5d4fa22d2
0.06180087429705887,52ac34d8-11f2-44b1-a8d0-ab79091fbe40
0.030157091363522338,b029f280-1390-47ca-b8df-1c90d62d419f
0.2938623170370443,9626e24b-ff12-47c0-8a6d-e91ec6423831
0.17395659850140663,3f3a270c-b6dc-415f-a317-a55d1b629844
0.05185303423874106,a9f69e22-89eb-46ce-9c79-371af4abb5a8
0.1989253541344798,e57455e3-479e-4666-8025-d9f0a64ab102
0.06476154875281637,7026f98a-b43e-467d-8494-c21122b12f87
0.06476154875281637,9919ef43-8439-486e-9edf-4c772edda71a
0.47112166727130694,d5ae7383-1e76-44d3-8a42-6feb368e3e5f
0.03518645658445878,1fb5941a-1411-4a45-b62f-8ba91495196e
0.06476154875281637,dc7bfb6e-e19f-4d97-88cb-5e9d95692532
0.14867178305804135,d27a303b-b748-47ed-9cd5-729e3ec7ef98
0.31670653163517604,e8f59192-9b96-4338-be7b-2c49547b9b3a
0.05661753756022808,1da47bf0-432e-4875-ac06-15de8321070a
0.02620851941914405,0b8a6680-cd50-4d03-ad78-a7a24c6e990a
0.19179261874010842,9025881a-273b-4a88-9981-c5fe874a291b
0.31821929417659617,03fa3b3d-3485-4a73-8046-78f3c7eb4466
0.33670378066002504,4763f63a-be32-42e4-90e6-30f681439b27
0.10903890700073214,0b592a1f-084c-44b6-9006-d7f7dba06458
0.22388744937751484,5da8a5b1-0485-4064-95e1-534fed4e417b
0.0019398164596521675,26a40f08-c3fd-46b6-b5d1-10f01aa977a7
0.3748104983039551,393dd630-faed-4015-ac32-4e21375ba953
0.38958923110057975,c774323d-676d-40eb-9d31-d7f63f402a2e
0.28062408949842893,7c5327a2-489d-4c77-a91f-5f4b87b7618f
0.4611115074025963,bb05da6c-893b-4913-a824-733b83ba2ad5
0.20471545796647836,e172d3a3-698d-49d2-aef4-5932d15d8099
0.09708774545445792,a3d00cda-5b7c-4ae2-bbd0-ada471ff2109
0.07076973730969796,d4b70f30-6c8c-4ac2-9ed0-f0350c34c2a5
0.23062131604721234,8380fd12-d9f2-4b17-9cda-b51bf49b313c
0.2011477413654038,f20cb523-f658-4f72-9fa4-956a5b6866ea
0.26081413686824195,f71f3725-b320-4115-81bb-5a1abe2ea81b
0.27140093069826426,455e74d1-3932-4f7b-bd4a-2c2ddc8d997c
0.40380567463776484,502f5ae7-2802-451f-b8b3-073cb5c16652
0.41855852945870287,f70b40fd-0b30-42c5-86b0-8d9e9e09af6a
0.2287175659754336,3d1f2a3b-bcda-46ac-949c-ef23b89c4a49
0.08742449414123028,ea159e56-8e14-4884-a076-b7942379b3c8
0.23934775806469893,03667584-08d7-4926-b52c-791d8002c302
0.16301574928735307,ca2ef50a-8cb4-423d-815b-0a4f7ec2efff
0.37657581307884946,6b536c0b-3cae-49eb-89bc-165435222112
0.18598011884263585,0decb2ea-3cd6-4770-8796-93e48599ed72
0.3413283023877516,edc4ad69-a61b-4f8f-9436-7cacb277b74b
0.21368842335009225,e0cfa2d8-07fe-404f-a3e9-19c0ac51229a
0.3706258777192825,6a5c1701-97e1-4a2c-b309-2b4984be5ea7
0.2832926251600767,f8fcae45-263b-4ba2-af0d-c73f6bed909b
0.1378356265251585,67d3b7e8-f1c0-4b32-baca-8307343a3bac
-0.0015554553486401817,45630341-dcaa-41d6-a11f-49d7cc605396
0.12827813425597948,5c02c69e-0c1f-47fc-b937-dbd1aaccc435
0.2934419837145512,6b524a93-b458-441a-9ab0-f1746f2ba1c8
0.14124609278486694,81ba8158-c5b6-454f-86cf-79e4fed2556f
0.4732499532384166,1a21a247-a48b-4337-b8c8-221243139348
0.29499893773204966,d304de17-4ad4-4392-9f6c-f1d4e252c1e6
0.2415782503756651,22f0eb08-1bbf-427a-8ac7-b5bf539b8d1e
0.020351106623598954,4343111b-6ec7-4b1f-a1f8-a29e3d8c9714
0.11076310809573038,b1c4e528-c41f-49f7-b5d7-bd46d54c1a76
0.027046674977160675,e769eac0-d286-4918-9477-fb58c213567a
0.16894176588975837,24944e5f-9b91-4b21-89a2-ff2f8031cce8
0.0571961203050651,628d21be-a106-46e7-abef-727e83edfac8
0.37059434399967156,dca737b0-925a-475a-b0ae-256cb51ff002
0.15395525983836095,8e3d2af2-59cb-46c4-bc48-7601e19bbb9c
0.14772141482379134,7eef42b9-a63c-4406-9856-d8426eaf64b2
-0.004617958690705731,460d46a4-cb09-4a07-a794-c9ba1cd06385
0.24954049836428693,69f3a762-0030-4617-aff8-e503b03abf59
0.043963001584578304,8e90d6db-134e-4893-9a4b-e7a5aa4850e6
0.35211410135229504,81b680dd-3e51-4a3e-a879-332d427651aa
0.2531532453648588,34b10404-5c07-4787-ae39-b14a52618696
0.11629594957283691,97a027bd-078d-4e31-b920-38030750be09
0.42085341684633676,c9b6bd1a-21b9-4760-a73e-afb451eea7d0
-0.00269635522175596,33bdb0c8-c738-4df9-b046-8acaf39cb5b6
0.14086459207356825,7ff89a33-5cb9-4454-80c5-ff222a83f4f3
0.20024560776448436,0e132f82-e708-4fb0-a345-7173c8f15cff
0.059411222312822975,4f6db37c-a5e9-4c60-97e8-fe95978a3802
0.14698887857446902,086a3ece-d6ee-4883-969a-124298b6b4ee
0.14298450761573878,492357b3-d0a6-4e90-8d90-b99d2a62e81a
0.11737792225694287,8c71b7e7-828c-4ff7-a05e-6feb734348de
0.35442800777956435,cd00da5b-fdd1-403e-bfcf-32c8b4698f9c
0.17780134825625862,327286d1-bf7a-486c-bbf3-88ea6b709390
0.27041634115749386,9da2dcb1-9455-4d28-a0d7-ea29a879fcfc
0.11744270949996176,05e06f5a-522a-46ad-84fd-54aa0d8956f2
0.1401885135082942,b9f9401a-44e5-436f-91b1-22c9347399f0
0.04903136324969111,97389ad8-4d4e-47fc-a356-13825c4e4cff
0.06981595297050644,103df890-257d-41eb-a720-f68dbdb2fdc0
0.23138245789152653,162d355b-e7e7-4e75-bb72-b7e7b29a34c9
0.05583568501777565,5d9796b6-f6ea-4d8a-9c58-591befaa017f
0.23800513040406124,d221cf57-699f-4a60-af3d-2dd5f3f515ab
0.06362149491964057,2aa6dd6c-a743-47a8-86c7-0ea940b74d04
0.25348239977270726,9795dc7c-aac9-4dfb-9fc0-ae430f84d2bc
0.26472890278892824,df6a5280-5830-4ce6-82d8-ac0b439ef87f
0.3967694651193028,09989b50-4324-43cc-a8aa-14f613a38a54
0.384130058102559,34ef9884-c668-472e-93c0-c339abbecc10
0.23669360758887653,c9a490bd-274f-43c8-a044-d2607d86dc7b
0.20957348937785553,b868777a-2b4d-4473-b05f-2b327f441a18
0.2314248265094689,052a50bf-0601-43ab-b1e4-e5490c99e727
0.44220375143696783,5b3225e8-ea41-4131-9ce8-868bc9e5c74e
0.13073338105638974,f27d7890-41a0-4b6a-b61b-645ac8cd6997
0.36413981458984096,2105a244-9d11-47ff-a174-a60be8b5fab9
0.2752687947221785,aed640d0-c32f-46b6-954a-23b7f711b643
0.3318477291128658,57ee25f9-39b8-450b-ae1e-c02fca9cfe27
0.1640982201503113,f283d846-ac1c-47d0-a2fd-b6a664e70a09
0.19178112192376365,e4b8ec23-357f-49ad-8482-a03c51309ba4
0.37856048960105115,bc7c8dd4-6481-45c0-bccf-afa97b10b7ff
0.2365998402513632,db648ec2-ba59-4db8-99d1-4d2557872d33
0.31974119419155017,d3e49885-0421-4d9d-aebe-f5f3a47bb40e
0.16501871702515625,4d72decd-9155-467c-b021-9ac477a0d167
0.22140448737422394,c77f449a-0bea-476a-92dc-871c67c90d63
0.198073910073309,93fda85f-f9d8-4697-948b-92df51eefe73
0.2926848386591897,5b5f8d2d-76d3-4cab-bd78-7b746e8e6a0b
0.3074937982998289,154a9757-f2ab-4b02-a9dd-3cf68f39f7cd
0.27116418515750973,21c15d55-0819-4f31-bbe5-fdc44d4abb41
0.023762107101088194,87c8e953-d45c-4d1e-94c3-62bbfb312e82
0.06476154875281637,82a7b967-5ed4-42a9-bf0d-b17032b8ff4a
0.1338063204044827,3b968cfb-8ad7-4bb1-a60c-67762ccb6d13
-0.004963827751803297,a9db8d60-cc7e-45e0-8aa3-fe11cb5a584f
0.2379208003978695,2b4c760c-a93c-49d9-9d8f-5135f298e871
-0.0014597221151748437,f5d11d02-d5f3-4590-8915-0fe74a4466aa
0.09192148512743133,64234371-7f17-461a-8f10-fcb8655dfd7c
0.03403418632922679,f62c5860-0020-4ea9-8f1c-a51db367a1b1
0.040306198481116745,dd78a2d5-22d4-48d4-b1a0-101847088b1e
0.27196945953790447,bb55985f-1c26-4991-9a7d-1d5b5c58afc5
0.08191370460950498,fe93e611-9c1a-41d1-a5b0-f7764eb7f2e6
0.37315524405061673,d87ccaf8-01f8-4868-adbf-f444571226a0
0.16209660555428873,c2e64b35-44d3-4b1c-9a32-2bff1c8bd91a
0.1837835566878748,791ba8b8-cb71-4540-afa6-dd9374efe5a0
0.11357427156639084,fee03531-0c28-46aa-a2d3-1be96cc20191
0.10650014255296983,9a87fcc3-162e-4310-975e-b653b713ca84
0.06632740575978033,d716a182-8283-4b49-ae0c-600782e0caaf
0.11004961866435041,bd8866e7-9248-42d5-b00b-97c81b39ac1a
0.48594617148497044,da73433b-b840-4df0-aa68-935e3d5eaa06
0.3762385111641629,8d5071d7-a7da-40a8-aaf1-e1ed972d5575
0.2733022246338844,86e629e2-3229-4c16-bbc1-4662c618adfa
0.24430990673244235,10be1c99-12c4-48d8-8921-2905ea663d1e
0.07300198381029677,e480d137-4fb6-4318-9a33-5b79fb0d301d
0.08712928021256193,e30a09dc-01e8-4d93-a86f-dc5ee39076ff
0.20145138312732444,4a6d16c5-8d87-4922-8133-35c6a756a5df
0.22360056514639085,7cba47fb-3257-4027-a667-3197b2668511
0.271030202271835,6e20fa74-92d1-4a8a-9401-e4ee235d3366
0.1534750356260876,13b0e271-ed71-451a-924e-05598584ce40
0.1902029858260372,7ff1bcca-6936-488d-9c2f-44f594d862a1
0.3861331321291857,087124cd-8142-4c2e-bf8f-13dbeb7c9c80
0.24853680619891327,994500e4-89b0-4114-ad9e-cbbdf5df2b28
0.1179030803090189,9a0a87f8-e2b1-4154-9bb4-5657b065777b
0.364130812290902,ee667af5-17f0-4824-bf58-3411991edbb1
0.055616159179227645,1336df39-20a8-470f-a289-e7fd2d5599d9
0.19798892551658662,551595be-cc65-49cf-ae3c-5a1eb01e8b6d
0.0726247073954915,f3b42e57-0601-4490-8220-a0fd0894b6cf
0.5436905493738254,c8fd664c-3e09-4cc3-a607-a0621adfbf97
0.09774699850962193,489137c9-4adf-4958-b147-f485e1d92707
0.32348388363101016,6fb614c9-6015-4672-83d6-cd35e2d38a50
0.17591760687886904,35781964-fdb7-40b5-903e-c52d6d191f4e
-0.006579644504080235,d0882bea-b9cd-40d7-8810-16d44b5ee707
0.20818566405050304,4ee82c6b-4b94-40bc-a980-cadd65538f72
0.09180015605327727,d303f935-64db-4ea3-b5bc-a5d7873db0ed
0.3227920721180063,7ad29771-0dfc-425a-9009-54c41ac5507f
0.09949875497842041,8d54db9d-bc79-41a9-97a0-79a1496ff385
0.08028416699371163,eedcff2d-c13f-490f-adc3-0bf7997d424c
0.0672327898886402,9b8bef37-8288-475d-b67a-b4d37a6f4804
0.14751271677558547,dac1dbfa-dd1b-4b44-988e-f2e6ae31f77b
0.1160362493554332,8d975fcb-19ab-4d9c-8e81-d0c7897bc8f1
0.04142367583103661,b9350a52-2d9e-438d-8338-6aadaeb10d2f
0.13583936388138856,9bdd88c9-ac34-4a13-8201-915727d46e9b
0.32562179881254083,b75f073b-36c5-4921-9671-af208bace382
0.07335219424192373,134872f2-8805-4d16-b8b0-557c1f25a8ef
0.3277107344827786,43f9fcef-949d-4564-995e-ea5ed5c8cb10
0.18514484063097073,4e84b1a5-5731-491c-b960-e837f2f85ee4
0.19419710826022807,429249e1-b59f-48b4-ba10-a2382f577458
0.29797125320151674,c02cbd07-8da6-4403-a25c-65be8c076f7c
0.04207385093516655,65b61823-3b7b-4227-a809-7b5ea9a72e5e
0.3609133015430293,a5b7f3f3-75ea-47d3-8089-1c12a94ac1e0
0.12464381114659064,d94d9b3c-fa6e-47fb-9f5d-ec7cff593f98
0.15061287764399953,ceba37e2-a084-4b6f-b9a2-1828758f116a
0.19625757431298826,f2bedc37-c03b-4f7c-814b-eb475265cd89
0.06476154875281637,674f3e9f-5597-4f9d-ac42-d7ca067d0fc7
0.322052687983474,20867bfd-4531-4db8-8026-ef14fe7857d2
0.21532297566838018,16b9ad84-b0d3-4c63-bb74-ff5975476d7a
0.04531202784817949,56482eb8-1563-462c-9cd6-8d2a17f34ca7
0.1153190028357584,956e51b6-d112-462e-8d5e-05c8ea07ddce
0.02925921877281298,cc7b8a7f-1cf1-4366-b3b3-ffd962a8cf28
0.19360435968667336,32eedd19-5124-487d-bdd4-16c2c6a96433
0.06549468407607409,9092594a-72d6-4901-97d0-a7a759e12b1c
0.0058820312836458215,7249050c-043c-4e3e-ad53-a826bc0e4ae1
0.29904174079472706,afcb139f-c821-4d89-aeea-8df1caae4779
0.17426126136936282,60232add-5e0a-44a1-822d-fab3a7a4d1fa
0.05229768025824848,67e2b23f-56bf-4347-bb29-5e9f1e2b5400
0.06476154875281637,a0ec5eb0-9c78-4f77-99bc-9f89b250f6a4
0.17488988341566367,9e78d0b3-3d3e-41e7-b754-0e0428f27c9d
0.4937544879345873,c603d552-9369-4776-abaa-d8ebdc16d230
0.23731450866601372,63006372-d12f-4b5f-b2b0-6a7901d1bc6f
0.2579583980815771,a4434e0d-1d5c-4d20-9774-3e8b409659fa
0.01517607543963816,b3411e89-4119-485d-a16c-da1ae0d4f69e
0.011708404635474158,815d8cdb-6814-4382-85f7-0841bdf7153b
0.029174477766696242,cacea5a2-a815-43eb-8315-0d3d9578e398
0.16603104240596825,c3e61847-6d5d-4d0c-95ac-478edd2fb0bd
0.1012602397258206,b817b680-a62d-4f3e-be7f-4f733fbae77e
0.19017596250863408,d9e06713-d3c3-409c-84e8-a9f6f7313762
0.3878481490055125,dfe39add-8edd-43b8-bec6-3a66f1220a02
0.06476154875281637,7eaa868e-585a-4928-b1ba-536291d3d7a2
0.09530339815974753,a00a377d-67fd-4fb0-bacc-25d07a24330f
0.02358621849132451,d84a8848-c613-44b4-8111-bfd02a59f560
0.1071449051802675,3a42bf49-ef76-44e3-a29e-68e47bd26c55
0.25193829902991743,f3c0b279-be56-4d6d-9654-fe85afb3b3af
0.05112023093986007,1dc2506c-9154-4989-86d1-179dbe7c2aae
0.42707575099108547,fb7c58e4-c09f-4df5-a566-624162cd9ffe
0.11749915062784196,e2e27bd5-fc9c-4bc9-bf96-a18b0c93eab5
0.20817347965311042,5c829e3b-10b4-4eca-ae35-7eff45e71278
0.14929235042218492,a9a4b027-d09f-4241-8e67-31d170411975
0.03411652656379058,d059ce21-4ef2-4809-b6d2-cc98da60d9fe
0.003401818808216911,acf3ace2-8d6c-40ee-8784-21acf4156929
0.24522823830267837,c176a500-b59d-41ea-9658-7f78d7dc3a1a
0.5354973360457956,e6cf83aa-9e00-459a-98bf-aeaa4bb2e407
-0.010441945761885368,c184f66e-53f9-408e-9227-3e685c249924
0.03423069705378155,8eedb9d4-8d13-449b-9938-00a9f947f709
0.33064053502649754,e34dc4ac-a5e6-4751-b7c7-3133e6a54e46
0.09925224313186344,200bf7a3-6593-479f-94a1-12d4708793f8
0.30633109270297076,46f8cb65-92b6-41d4-8e0d-1f29f42a83be
0.33334764906782294,b29c424d-166b-4c6b-8db8-63756f6d1855
0.16252323031085358,581c1643-baa7-4d28-8397-66cdb832552e
0.09311444012057368,6ec36c32-1edf-4676-9083-72bf42f417fb
0.04947424465996357,a6cb48c2-9f4f-4c0b-bfc2-de772467e4cc
0.08731541330195668,461d275f-e88d-4d56-8733-e7f8cde63118
0.5570743874495135,1f0f1598-029d-456d-900e-4e775e1f929b
0.14028553388095363,037e668e-2ce0-49e2-9ba5-8592d833c30b
0.17809981018606644,172815ce-c7af-468c-afac-46a65b4d26db
0.04889966837174094,91005cbf-154f-4913-9b25-e2815a31a283
0.03058430951213768,2c1069c0-6e18-48e9-8324-0084973d3035
0.26745190297861837,a70b33ac-2e73-454e-b66c-778629fe50ff
0.04404597893536391,e2958170-7211-4bf9-919c-1974ce377855
0.05261703589238531,31820f55-ce4c-4e07-a165-ce821d1f0605
0.42424759133468276,557dd900-972f-467f-8274-7cfd13879a88
0.2530992860404411,ea5b078b-015b-46cc-bcb4-6a4c4917b41a
0.034101053952731566,1f174e40-3bd1-4cfa-8976-91d5a6d4c97c
0.4379644617870935,4e4cc2c5-c7c8-405b-8801-dcdca8306e27
0.1482947085991904,9bf26df9-4771-41bc-8b7b-aecfd9584965
0.00791965785286972,3d0d97d0-e6fc-4071-991f-c1cd02fb6a06
0.3857864451029279,cc749978-cc29-454c-aa02-ffae5ffdab81
0.06476154875281637,946c1409-24ec-41af-b886-2ae5588105f1
0.13307570142983438,6e53078d-28e0-400c-9fca-8c7fd977ab4c
0.584974777434939,7fe102ff-3a55-430c-9bca-8189f5fb5fc6
0.027808123495213607,02fe13a7-314c-4036-afdd-bd49cc1fa360
0.3195314264618145,4500c850-7590-4d70-9656-e1bf752074be
-0.004501250050401482,9b42dad5-89f8-4ce1-bb2e-5f479b1f9712
-0.010014292403754914,2cf74320-49a1-4893-a2d1-901a040b4ba5
0.11358461597226614,727e76bf-44b4-4740-b7e6-8edd4f83dc53
0.4164290337683452,2c4e3919-7dab-4647-935b-7185f51daa8c
0.2371045751258593,6feae4f1-18e0-420c-a204-3042c9bd0bd1
0.03642039788462012,db36d14d-cb88-4cc1-b458-f3e640a5c9f9
0.3627122851571785,db192e05-3389-492c-8fef-8050579c762c
0.1343973995910177,665dca06-6496-44f9-a687-b1d40d6c8ae5
0.07085057826015385,8eb27ee5-d4cc-4e2d-ba9e-12c8e1987ed0
0.3323291538790782,b9fd9acf-ba30-4721-95a9-564929f1780e
0.06476154875281637,570e4799-e323-4b55-83cb-863742694151
0.286573350711464,b560ab1f-f9ef-48af-b1b1-5455fd250524
0.13745238258807577,50b5a950-2281-4c13-9892-5e6d9c780f1c
0.04346453414630322,38231e2b-5f50-442a-b7a8-acf3cfbfa099
0.10722643263336352,5ce58a77-52d7-480a-a09a-8ac67f679f2c
0.4625565339120365,b5f741d3-cc30-4700-ad73-bbf7952b88f2
0.055475900310519716,e5cb39fb-d06b-47cb-b4ad-56b9c025f7a6
0.5654454210254976,dd63f5ad-cb12-4be8-ba87-dd2e656139eb
0.175174428221868,037a5cd3-17f9-4962-967f-5d8d7b585539
0.263430486868838,7431c066-4de0-4da6-8aa5-17146f9f225f
0.13983957988383403,64776172-6754-47d8-ae3e-f989c767f381
0.2880073613445951,e64f85c3-42e5-4862-8327-d0a3d68189b8
0.06866156343702175,0bdfbdf8-bc1d-4f0e-abf3-34ff85d2211e
0.2753500310539537,7a2881c7-c1d4-44ca-a058-ec94dcd49bf0
0.06476154875281637,696abdd8-dd9b-404f-bd2d-663ff16ae0e5
0.25135638436990604,9db50f2d-300d-44e8-874b-9c69dfd05536
0.17300145172182102,77b77a1c-2453-4377-9e99-71aef54d270e
0.17400031239781483,735b0caf-4190-4953-a137-c465fa3eb62c
0.3152791743576374,2ba79392-b3fd-4513-ac0f-be4a421cd9f3
0.20665074613976905,73b2c8d7-446a-49e6-acfe-6735845322f8
0.028034516896007878,3198e8ac-eca0-4346-95c5-bbd46ae917ed
0.3817759630479157,db7632fd-7eef-4d47-a51e-1a4c4d9d3c71
0.07841043658079713,42a79a2a-9ae7-4b1a-97db-9b9383183bf7
0.07564409134486522,1efe85bf-1ade-4289-8a12-135d90afcfe0
0.32120451933950545,d60e52e7-854d-4ce3-afd7-242e8b5b2cc4
-0.011862410642750447,545a6a0d-fe6d-42f6-8753-9b32c742dbd7
0.1295507070887106,216c5407-52e4-4a80-ac1f-8653a990682b
0.06494686728804516,9a6f140c-fbdf-4d2d-a3a1-22e69e0999b0
0.23992797274929917,691e97da-bc03-4e66-9565-89eb0ccffc67
0.0342378891160746,a0f932c4-78f5-44d8-b97d-b7caed586cea
0.41218111971231386,1f792bb8-32b6-4dce-a3c3-6f945ac331aa
0.343195875078446,13eedf5c-31f8-40fc-8c1e-df0553734c45
0.10383137291115375,84a4b52b-941d-4de9-a9a3-58dbcc7567bb
0.16409461269271178,10fa2ee4-2f2e-4d8a-8e96-f251989e212e
0.2627321855218332,03f35cd9-b968-428b-b1a4-e8c6483ba8f8
0.00032283354327524924,728f2983-ab29-4fc8-abda-a75474726809
0.4736898908550703,a10cadc0-7e4a-4ee1-841c-1fb760a690ce
0.11650683353734602,843401ca-ae4a-457c-8136-761654a53c72
0.09289842889655948,b303f626-3a62-4403-ab62-cda02fd8da22
-0.003527277201641057,2bc11276-d5f5-4e25-bc92-86ef1ec12870
0.0472486885773494,3241049f-09df-4057-a125-93d032675871
0.3047360757957201,acb93b0f-c2bc-4a1c-968b-aaa2e4874aad
0.42303219352978577,b6db8fbf-0de7-4437-9437-b2bcf14bde7b
0.11913731871905335,54d4063d-3d09-4468-82af-65e3a3ea1602
0.30136363451633474,7667f29f-2144-4a3a-9c82-f48d9f0ddef9
0.042596097904227415,823c9433-11d0-447c-b5ae-e17ffb3c9657
0.06476154875281637,0c827769-f29e-4128-8c3f-a36abe22fdbd
0.16491110573488982,7ef7a7e6-e07a-4fb6-919b-fbbe6797b099
0.13663418728044682,6e1e11e3-d83d-44ca-b7c6-a3576a24fa6f
0.7215075777169127,4c9a7c8d-33f5-4e57-a01c-27b71ee1a679
0.03201370077477256,8cb5e088-a95e-41a1-b3aa-898afd416a52
0.17370642855582868,06ce2e7f-d9ef-477a-bc4f-95e51c94c4aa
0.06319752031099035,6f68b892-2641-4341-97d3-a6b9387c6362
0.10766546390067902,293a67bc-775b-4782-a1dc-5f70715d8267
0.11817226789604092,35d99ed5-97b2-4010-8e20-f86297b2251d
0.044525718503944614,46eb7124-1c5d-4b38-a39c-ff113fc5cfab
0.04846734040056261,ccbff0f5-db89-48d3-b8d5-1ff2269aa7db
0.28174403329937325,858ef81e-9a9e-4e90-a246-a2127ddd6d34
0.2453076970413242,6a92f9c5-e293-4b5c-8c84-f1f63809aac3
0.4372604754935689,b9d3c810-1236-40f8-993e-d3524d753ca0
0.10305088199402693,0e5e3b2d-5b98-4c5a-b608-55f527cec0a4
0.12901733665516638,7d7ca3d5-5056-4a4a-b772-579e7f53fd4c
0.3761755943484496,d2a4063c-5144-4dc8-9666-db68295a4e43
0.31560357625266605,8adef375-316c-4ab3-8df7-a475bf867cb9
0.11552735260924056,db5dbbee-23ec-4842-8f85-89f4551076c0
0.16635139868457838,7fdb612c-7590-4a76-85fe-bf854756acc4
0.17295613374894822,09b47d19-fa6d-4cfa-b623-e979b83fea3f
0.27834782071707825,aacaca63-72d9-4e4d-8002-5904cbf7996b
0.07416770545708504,79a65823-b44a-4f24-882e-f5509004893d
0.22585140879656213,1f0c118d-cd0d-4a07-8e4f-7006ef5d457c
0.3358904562417502,e4bbebb4-84e5-4879-a6d9-461baf8f0be4
0.37603740390918916,8b49f52a-6f35-45ee-bf71-66633f940e95
0.16150053086861266,19bbd99c-a3a7-46a8-9935-f01aa3042813
0.14402482767621774,9a20d51d-629a-4bdc-9cb1-43ef5935589b
-0.0005162101657535285,69bd43c4-1113-4a5f-a58a-a794242a5710
0.061668699423981274,6362cfcc-5c1f-4d18-8160-b1ce6524a358
0.30356432612664797,f860c9df-03ef-43ca-8faa-253b6c982097
0.12953677574504172,32454565-5edf-4bc8-bc09-33a1736203ba
0.24736882611837868,cfbb221c-c18d-49f7-bb9e-3b73e20d90a8
0.1988348796790184,e95d6818-12d5-40d2-9c81-d49beacb9de1
0.1137213309248405,2d42da29-7000-4ec4-9dab-13006b9755bc
0.33331664503674036,deab8627-e292-446a-a3db-46196127bb0b
0.06748645588490357,10fbfecd-80b1-492a-8ff5-411ff873e4f4
0.028105891486713396,787573f0-d37a-4c26-938c-0016b3166eb6
0.20977023088721594,78fd1ada-b95f-4929-878e-a35ed82a7dc7
0.24112676814556966,c160d606-d36f-4b58-a2d6-37850d0e379f
0.15458827353848373,8917e2d8-916c-453b-b9d5-8dd40325565f
0.18789489651832184,16200a20-ff1f-41a4-9786-ea787180e606
0.23377221205149806,6496b177-fb45-49ff-bea6-cc4704048702
0.2657187660866954,87bb1d6d-9fd1-4f88-9cd4-6f760b06ec6a
0.20974644437638054,608cc4e9-4ee7-4cc2-a607-654b9b88e2b3
0.14108286579317175,a5c89054-6da8-406b-a275-01e97ab971ba
0.3459464236056822,4161f70b-306f-4180-abbb-634ce20d662a
0.2728289323798272,61d6607c-a461-4204-be4d-cfb4f50c4957
0.21949756077665866,fe246cc3-6514-44ea-b857-39c56866c685
0.05196373996798641,49f08e13-898e-47a5-9f7c-6fde4bb00fd2
0.23397529140802398,b6b4441c-ebec-4ca1-95fa-17aa16ccbc95
0.03933370113798361,4de5e842-1110-4dbb-be6f-994e1df25781
0.12788816408118914,0d266ddd-9ad0-4fa2-b8bf-ae463b5ce12b
0.12041337845993556,bd0fe0a3-254c-4448-98ab-9077fa714ca9
0.0492400308918005,7296ab90-6043-48d4-933b-4f33a042c635
0.03373170544351754,8ef5d722-371a-4164-b8bd-f1bfd869aa80
0.16614198615608022,8e6ec659-aed5-4d80-8ae9-f07318eb26e3
0.2533970925886077,ac1a97c7-245d-4fef-9b1e-95a959b02f10
0.3942904576327823,8a1fa94c-ee28-4581-9c9d-ef99e2949e92
0.26120614651667234,f654b5ba-df2a-4196-b07c-847f8cfd92ed
0.04445629800054679,f3ccb87a-3c58-43ff-bbe5-0e197b8f9367
0.06647554186297261,27fca60a-db67-4af8-a270-bc704b794572
0.1036429471457119,17730898-fb95-446b-9da3-7fbbe0758f60
0.15704151079388143,2490b75d-c4d6-4b53-8178-6faccdb19a81
0.09875674052286529,02efbf30-d892-452e-b44e-3fd56c552537
0.2966145229676713,19bed898-2109-4811-807e-0dc7e0756262
0.037814467724976486,17c22e58-ad83-4286-b79d-79617ba00334
0.12558068895733643,688cd60a-9440-4e75-a3f0-681564a46b78
0.5543563111296522,e458cdba-4be5-4c8d-86b4-743cb1e5440d
0.07762346300469175,0981f1bb-2a25-4a24-a276-5ef68aeca4d9
0.22501075698321527,95bb08f3-b52b-4ab5-8ae7-e230e8b6ebb2
0.1278235519388269,ecb400c0-6997-44ab-8008-9b7da516899f
0.10304791414397783,8b1a323a-fd58-417e-91c2-b1f15053aec0
0.07117729820285652,40cc952d-7df4-4773-a42a-814477f46716
0.05137195098268277,cc7f28d5-5622-4502-be58-7937eb9aa975
0.11787493873665185,997d2091-9938-4b1c-8d1e-e03663648081
0.2128947836112804,50b39668-a2c4-4961-93fd-f24897d0f4c7
0.07461572361403038,64f09453-7727-4c16-a898-f35a54fdd58c
0.1860448252252445,dd5be62c-d3f3-407c-aba3-0da292ebb462
0.22103433997305005,6f1af868-8ecb-42f0-9ed5-1472b8ac6976
0.11153472424338916,51316c88-81e3-4be7-a33a-7605b291de0a
0.4998573725810419,49f7566d-c9e5-4c8d-ac8e-40d1b2803aca
0.5011656371955939,f478ea9d-3c81-4eb8-a109-8088a8a1c140
0.31540614288690594,a70e2f2d-6c35-4259-b33b-f7c7036e734d
0.205877932199667,2e479f8d-996f-4c6a-bf13-6e42f20c0840
0.719217078692501,054aabe0-8be2-4407-91c0-f15ff202a194
0.8107901513339695,85ac13ef-292f-4b25-a247-0e4e3d2f1e94
0.17809156052650718,05016eb7-fbe5-408e-985c-62870710f960
0.31308701783015414,35fa168c-eabf-44e2-a171-81642fce45f1
0.42069022836590275,80f0162d-635e-4735-9b14-470e079397e6
0.19930537023761258,f7ac5cd7-b734-45c4-8a77-e255b8b38835
0.099107632675334,fd60b713-fff4-48d0-b644-b39e16d4d287
0.06953935611183339,af3cf2c7-2152-409d-a745-31438b133bf5
0.739093023424099,1109d3af-f851-432a-ba8e-e3f9c7d4b0e6
0.18343909688938362,1b6b160c-0981-42ef-bee5-ab270d18b4b6
0.28577199426903677,9a303f40-ea91-4a82-824c-3a8e3554d17e
0.17524656783537979,4c151d88-dc87-45ec-ab6c-eebbdfc3cd13
0.16826213810523025,432d50c9-5171-456b-8f87-fa3731330fe8
0.10502721334722862,c15a8795-08bc-49dc-9373-168f1a3d666a
0.3594817869715936,6134f3db-2713-48c0-a3fa-3998fcc1b609
0.1373811474365864,7a307aa7-6043-45b6-8508-b3107889d285
0.18638773081338864,ad5d5ed4-f093-4e7e-a083-0e81e16a026b
0.16394715952239183,8db91099-cbc2-4c79-afd8-c55490c1e5a8
0.0999324068842749,92d2d240-34c0-4318-8056-cba8a14fa89c
0.412542119869983,de74d0d8-122b-4cd2-ba25-fb77ff34b380
0.04043480103319297,552c8db1-e0db-45bb-b3d0-e506a5c20eef
0.28942030546895825,07ebaa41-8411-4ae4-9c42-95f88f002612
0.0173022635812299,50be7d3e-9f0d-49cf-8c30-23fc8d9eaddf
0.22791581760747479,21ec2a37-a2d4-4ce3-b348-f731fcceade7
0.46441221038686936,649d1138-41bd-43ec-9282-663cdc1f49dd
0.20610014221887393,89583a3a-e1c5-4cd4-8e22-9e607caf1af1
0.20426096489708737,9e45080c-3517-453a-95e7-e6bcec168b3f
0.24310136668914323,cd96d96d-5dec-4f2e-a0a8-8d39f11d3234
0.2505535716677767,78490dda-715c-4ac5-9861-671b625389de
0.7675682114405984,5f2f050c-df03-4ef7-812d-5b9212fc1c95
0.035660313464966065,d3cb7145-8370-4842-a143-491a949c162a
0.6418967880313721,765afefc-4c9c-4419-8391-478db93e07a5
0.044814620700495286,64eab790-1497-440f-817f-c6a79b3c9e91
0.07522112482571511,83eb1c56-1988-411c-9f51-8e4c5b203456
0.07181414997467192,f94c6cb0-2c69-48c5-ac1d-24974350586f
0.2733524505023782,bc6d5cec-2fa5-4e90-87ab-2d7423154fef
0.1642791220426802,33aa1777-4de6-483b-a458-8063c14644d8
0.20915938568956702,103912e7-53ca-4196-b2b0-caaa6ccbd782
0.27986130289534333,5584dae5-2784-4003-b982-473d82ba59f0
0.18013784987139694,80492388-42dd-4d96-96ce-2a5ccceef4f3
0.1331632583153234,ab7d1855-e5a9-4dbe-8992-0face9a8f968
0.23818039224034876,8cc35a88-e6c6-463a-9e5e-a19de4941682
0.04197345451530321,4fab43ff-38a9-4ffa-888c-d68086f67058
0.07639135021067958,9cc28eb6-d4ba-42a0-8842-4fd56eaafe1c
0.13925569760676398,dd56e5a9-9c9a-4db9-bc39-6167410d4a19
0.14197042039306246,b2adb5e6-1ba7-4d51-9151-efcdbb1af25c
0.034846208317243166,ff5f3b78-a607-4deb-b1ec-ce2ab79b38ee
0.26098799721680443,7d775417-4d97-40ba-8560-cae839dec827
0.26000301708700313,96838f4b-4e29-47f4-9bcd-1ced40426f41
0.07829172248826786,b68e656b-9679-4318-9905-6c25aa9cd290
0.041295130423563184,8454cbb6-5c07-40a4-b12b-c4fe37b7591f
0.13400415047683165,4a212e8d-8183-435a-814f-0a33f0ab48f5
0.26808475911432067,fbc54ca7-f62d-4b55-a914-0d4229dd83be
0.3550352580671728,82532b3f-3c27-4b0c-86b8-927eaa180f92
0.18135545688962235,09816295-57ca-4a2d-a7a6-5b7c977e28c2
-0.002147091075691731,81e243d2-4b17-4616-b09a-22a7b680632c
-0.006377627533387751,24faa4c3-bfd7-40da-9cad-14cb7f315de3
0.18199214741205647,5c6ed638-236f-4777-99c5-5e96d412b996
0.09762569602012963,a891a782-312a-4e2d-aec8-fc288eaf02db
0.07424442237092471,c284fe63-fcea-41a4-9ffe-1763f80e729e
0.24320046499961967,43e783b3-60f0-437c-b496-54169f594d3a
0.595477144795434,a72ebed7-7788-4ef5-8dce-e6e462d8899d
0.39488527463724066,06fd28be-4478-41b3-a258-d75c9858e3ca
0.28100793133868013,12ec48d6-1a86-4524-86f1-85af4b5acb03
0.2883517723393077,3a1755b9-56a2-4521-a582-66d7ffa00f92
0.10961555676780387,4ea3ddd3-d20e-4b02-b8a4-2d5f973ee783
0.06476154875281637,2392e92a-40b6-4a6f-8230-6ad9300bfb32
0.25289673344282265,ffacca11-f504-41a7-98c4-c5136d2e3d51
0.29523417429516946,e5d30418-a284-4c62-8b9e-668890083c5d
0.43762320817370715,8dc57342-fd87-49f6-9f7d-b2e2fe549b67
0.3378593798106289,a2630511-06fe-49a4-9581-ae599b2bd478
0.052443360940435016,83832744-0d3a-4583-9d3f-95ba13488e24
0.14573267096484152,428a1b50-90c1-44c4-ba38-18430d36f286
0.45410449345681975,ed922479-cff0-49a7-ab9c-90b31e4d1864
0.22372602661070504,4d9d266a-bd43-4c72-a30a-f9202b32dc3d
0.28881899682244566,f10a250e-66ff-4ea2-90c5-3f7316550cfe
0.15913950529860083,e52995d2-3c40-4259-9689-0ba891eb4a5f
0.14443812713502635,aa8fcb32-f771-4fe3-8357-9293d5bd6630
0.07684694103073293,76dbe007-4705-4d08-9a78-a1936f1b0823
0.21758441131494966,db16df50-385c-43ff-bb16-9b62c059c826
0.26924368797915205,7c3d8175-283a-436e-9b39-cc1f9efc2d83
0.5585186521161288,49954f21-9d1f-4d59-af40-1e05c6276c86
0.390409294489131,627a323d-ad1c-4096-b932-2ff12c9a119e
0.2905509933958772,5eb16e7f-6645-4500-a215-f5d7bfe614ce
0.06587080789996975,a3f245d8-00c1-4dd2-a6a2-00cce50f9788
0.19044511819791957,698078ed-92c6-4bbb-80a1-c0df2637a46f
0.2449799585791611,54bfbc70-1727-422c-ba70-8ec5f6f8f52b
0.1927714021794182,e52596d5-fa54-4c4a-b30b-b6caa7d2afea
0.3626380824649934,44138750-7d78-4027-940b-971e42f49b33
0.17825742732292169,700afe13-effc-4d52-9772-b8499c279716
0.12024458257293406,5128e171-eb47-40be-b682-d8a0164d4ac8
0.19577193224850387,0079dc23-38af-4891-9b32-144128e35dea
0.2801822660169299,29bd7ae4-480d-43aa-a6e0-b39d88f553e1
0.29449270148728357,6626841c-cab9-45a5-90eb-56ab38e7f3be
0.5377358113604193,95ff24dd-c129-4a52-a792-37d23c6bb3f4
0.5103191511148762,1b077c28-f051-4129-bb5a-c2007a13f769
0.06880940963549424,520b725a-5391-4e4c-8f1f-d2aa38239ca7
0.44356460202452686,bfa65ac3-95d0-4fc2-949b-932949a842d6
0.1841213875198849,747a86d7-31bd-4b23-a063-72fc9540dd3a
0.03128910496009278,2f1cc654-efe8-4a8a-afde-d764d276653d
0.43797553457742,05131dee-d06b-4f4c-9360-3031f75b1105
0.18056481899928722,cfa5a1f6-d0a9-4a4b-aaaa-7bf4cb728bc2
0.23490090794427848,afd00059-5d18-49b7-99ca-2219e984f7af
0.07237201161424173,1bb4ca3f-07e0-421e-947e-57c99bd30f64
0.4897689704803093,482efeae-5cd0-4bfb-a7f7-aa58dfdb2aca
0.22650201255164792,cc080a55-8ebf-4ceb-ab46-f580210ee374
0.18878063406231507,2cbf8962-89e2-4465-8eb5-636a12264950
0.16762060431881684,335cc9dd-d151-43de-8a4d-10b7b1309e18
0.30683690403011626,66c6fa77-5b28-4b1c-8423-00d1fd880eed
0.4746674921688571,36673e9e-0167-4385-b927-0b35a4bdcb6c
0.25878911358154294,3fc0d92d-fc0b-4ae3-8abc-0e729d475ef7
0.13177163927232244,309bef4f-f6c5-458d-b831-83b1f5775636
0.028380847878426135,ae5fbb47-0bb7-4574-a137-9f6129562df7
0.2802557450629114,5ca6191e-236a-4d2e-a4a7-9ce59e1a6ce8
0.11392451464793028,bbef36a8-ff90-4e8b-b691-08dbe08fb076
0.3062634106982517,7272dad7-c646-4a77-afbb-760b9715fe77
0.22684678121939467,cc9d5ebd-a361-4a19-97a6-cc55468a7aca
0.0937333254720797,af74ada6-adb2-469c-8075-e7b301be9aeb
0.46571633998525763,bd5a8c24-a9d5-43ae-9be3-bfbaba00987e
0.0552349413162494,672cf3f9-d613-4482-a22b-b547e6c1f6f8
0.3610514032682981,da9db10b-8a69-49c4-9575-e5b493ceb361
0.2796591442247907,85de8220-51fa-4af6-81f0-49aea9033acc
0.09232632329751156,4d87c13a-aaf1-40c0-85e9-6398b0c496dc
0.1460628676857021,fb4f8f39-e950-43bf-bf9b-e2712415a610
0.31893611924598364,4338b42a-39e3-4826-8467-150c5794510b
0.07026243502290477,6b1ff52a-67f6-4834-bdba-65763c78e4c7
0.40540621764409995,1df41428-b780-482c-9ad0-8a3313cc82a2
0.16275803703861516,92715300-8ebb-4f6c-8b54-646253cb6253
0.14349310175245597,1cd851e6-b88e-44fa-b7ae-9d0f052a42b2
0.0648415665017718,e3f6a8a6-d735-44d5-83b6-f4835e2eefb0
0.424969380894597,ad607925-3379-4651-a6ff-14ec8fd849ee
0.6224240578335167,b7bb2dcb-4718-487c-a57e-23ffc1d27a00
0.016322788693081524,8a63ec2c-5ace-4fd4-9954-9dbfa0ce9bb1
0.26325249371464954,59435cbe-c011-44eb-b221-e56105c4e414
0.2698895397003785,403c198c-1e5d-483a-a0a3-22b3c8e6eb35
0.019061962395272202,529671e5-d6a3-426b-8a19-50b645d3712b
0.4193994673901818,28c3a7d9-0a2d-4f4f-9e23-284d68bef779
0.23558185758004047,c1bc9be9-917d-418f-900f-ba913b9a14b2
0.28815613159727554,8d8425b0-a93c-4b3c-bd80-2707ae0d1bd8
0.30168040073297064,77ca1bef-501b-40b5-abf6-8da75a2f0b26
0.30934267118495057,e3100bc4-f5bd-4f84-9326-57280288cb77
0.3197908542013939,a2e692f2-9056-4f36-b0ec-0fd7198dfff5
0.42992520152046526,81600c99-bdb9-436e-a748-2bb237e627d4
0.0513367113342922,f2f182f5-e8ef-492d-824f-7b173c59487e
0.06670491935073311,39007865-1f3e-458c-8ed9-7ce88cb8f052
0.105224891530232,a5f6bce9-c980-41a7-93fc-51a47d5543e5
0.609822478493508,308ef505-7f06-4c4d-b60f-9f2d7eac5482
0.029065580709998654,aa378c93-9b9a-4bcc-bb53-1f47474e0c86
0.5249249629736694,bfeec94d-3283-46ad-8505-9fd391fbedda
0.28994143492308344,0b854db2-7c52-4836-a6ca-1297519e1ff1
-0.00043660018889862123,38948e54-7f27-44bd-8ecd-f9f1c3f014d7
0.12512015132198323,057544f9-af27-4ade-9c13-4f7d94ff315e
0.09785028203127412,a5962927-3575-454d-aaee-934a0ae89ddb
0.3155740373331415,fe53b301-2f3f-4b97-8b00-54bd681266d1
0.23278709948019033,d9caf4e6-9ccf-40c0-a895-7632b9c5bc4a
0.2964572170247858,f754c97f-5293-47fb-8f02-816fa58c7a84
0.06476154875281637,90f38e03-9731-45a2-8a4b-e6a008381422
0.07598566223024578,dbb16185-4ed4-46a2-8c20-a369788ff258
0.5036440429310372,03df74ab-31fd-4d52-b512-536fe4d103a7
0.19824005744019232,b8e672a3-0fed-4141-9d3b-6de88e201e7c
0.08940100488125703,6bd5736d-0910-4de2-adda-5e6f829cfeb4
0.25940941489806335,18aea947-fb18-4990-be4c-650948ab5b23
0.19598083519854792,f4b5036e-4f70-4181-9649-897673ecd230
0.0716998444908129,d3d47269-5fdf-4e48-8e85-8223fec22c16
0.06476154875281637,e2d71044-b690-486e-826b-2ffaa73b44c8
0.31177852035590126,84afe9ba-3ea4-443a-b86d-f7ca5e449578
0.009282396538060029,852af981-2c3e-49af-b143-04ca12280259
0.04336232299442677,64d18eed-8d40-4f5e-884a-9b429e227b49
0.15043021818080196,f892133d-ce2c-4a48-b61a-d471f445244d
0.23459360756281772,d13df2d0-1414-4458-94aa-bb8533e28fbd
0.1495458960750763,40a67a3d-f683-42e8-bd39-5828db3a7991
0.1594580600651964,e4ef05f9-3d29-4815-999e-b3c61572a370
0.34457602948845073,cbb08568-2fcf-4bc8-8887-6b39c7abeb9d
0.060743151869592185,fe7f1a91-2278-4da0-919f-be472b6fe47b
0.3999659110650754,95480e9e-4b04-41ec-ae72-6b6628f05766
0.4384284785276346,7e8f4904-cf50-47a2-871c-33257be05d1c
-0.007460781150494039,bcf1efc0-a24e-45ca-a230-74f899d35784
0.06476154875281637,cf03f54d-983f-4823-b067-ce323f7dcc5d
0.1117363322810674,5f0953af-c309-4d92-824a-c15aa7d5c5ee
0.444353810066535,304dab33-7d4a-4db9-a924-17258f2d0801
0.531692468920075,00dac7af-c1a0-4667-a25a-06174539ade5
0.36556820544092067,6b8d7042-5c1c-49ac-a9d8-f92f55f16401
0.30791405011597284,b6329b01-82a7-43be-bfa0-d12e496342f3
0.11811378276717872,8ceee574-eb91-4299-bc3e-493f95ee863f
0.08678909823730588,62faf383-1e6c-422d-b136-cc24917af8b8
0.1420919008341574,abc99bcb-bfd0-456d-9b97-b277b734a010
0.2708433257863729,bf6a33b3-c7d1-4e78-9b96-9f1c9b8819ea
0.44447295320064856,28220e39-f36f-4574-a638-cfb27c279af8
0.07986487254431834,d69a1fd6-6d77-4e40-ac13-60ba78c5c8f0
0.35346438682466563,b2877053-1a80-4aa5-bd2b-b6947bc3c643
0.1707012916857476,107dca0e-557f-4e1a-b511-6c2889afb040
0.04342972416382465,201f73d0-cb22-49cd-99ff-b6e638b1406b
-0.004103922855956125,5b461f03-9a3f-4d06-86b2-2435a02d8577
0.12453888512998697,a238b034-cc94-4b00-93ce-4987bd9ed585
0.213835783537319,cd48d99b-6a5d-4e7b-90ea-7f1ebc68753d
0.22687881967429493,88811717-b561-4611-90c5-9a4de1eceddb
0.13129524190043396,5b7a88f8-e9c7-4d4c-be5a-1be14d7ac248
0.07089292133230857,82d05bf4-59ff-49f9-bf5a-7cdfc1dbbc80
0.1560141900356176,3f3c0a7a-22fc-4a98-b4ed-4e6dddf691cf
0.33548561927763726,2d44ff62-84ab-4d7f-b216-b84769c3c036
0.12778719903495003,2bdc8690-a5fc-487b-8ae6-d2e521992613
0.1645362515549074,37918ad4-6125-4eda-9350-517361ac5806
0.06148659391190438,c3f4c409-55a0-42ed-98d7-9271466ff562
0.15811390413744286,337952c9-b714-4365-be06-4383bb010ba6
0.053357169360618406,a3d72184-818c-46e5-a67a-8584b09f1444
0.2122664894176993,c2e33bf9-0d22-4d3e-b87b-9b1bf3849112
0.257132231288622,574089cf-f380-4b9a-9f60-ca9fed9b8bde
0.3971654927537136,8faef4c3-0e9e-4b23-a806-22b6433f0d27
0.05454807618891801,1aadfca5-1701-42e4-b360-2591c6fff3da
0.005437070740495643,38ddc012-8076-41f7-b479-57ced72879a7
0.27228500046675974,5c0d559c-43bd-4d90-8078-27a887172352
0.30143065524590734,f57119c0-8aa1-40d8-ac92-da996cae2bdc
0.0017655028313599934,eee43781-5855-4e25-ae2c-08907876c8dd
0.07636117706851359,252f96c1-c074-46b7-aa2e-9874defcd02d
0.2422856941605367,27944fde-9017-4a88-b770-55560f85bf91
0.23201470081201556,a122af33-846b-425e-bed2-33e375568585
0.07262945267465894,af488580-71ff-496d-89eb-5116f38d7209
0.08211144018944579,521c9f96-2440-4200-9917-344dd1a4325b
0.3507869160738419,8553c435-2690-497d-86cd-11e607371e4b
0.20671777937354502,1e47b019-709d-49cb-859f-36ec38d634b5
0.16868846672440205,75cb6b0d-60f4-4a9a-ab1a-d223d52fdd24
0.22327087785942895,c0fec126-28dc-4edf-a9d6-920cc57f5562
0.2774138683916948,0bd9ea82-bd52-4544-ade9-ee19dd55bf98
0.06476154875281637,ce8c488e-4937-4356-b340-0441ce2f6550
0.12688803743313087,65384bd3-9021-4e38-abe0-9ff652d81046
0.5088920524930285,769d2fcb-3d0b-49d8-acba-a12a8b9f10d9
-0.006211545508799415,426115b1-5b09-4e39-abcf-684a170d763f
-0.01290551677797978,c46cb547-5e44-4562-b70a-607c1af83c7f
0.16710378844590765,6f5cc24b-5bda-48e7-8a37-9cd7e32c673c
0.4841684254718711,0e8457cf-e510-4b32-82ac-06e412ed1929
0.21316837674715286,6b5f592d-e5b5-44aa-9b98-b8b5fb523544
0.06612869039235024,d6ca94e7-71c0-4245-be3a-67d16ba82657
0.3669333482221618,e6f0921a-549a-47bd-a3ae-1b7d318a19e7
0.24764376609566208,cee6e9d0-d497-4f69-a226-a5828470d9f9
0.1481198048621996,9d4d6eaa-6366-4946-9892-64309b7af51f
0.17392813666243914,5a02a945-357c-4250-84dc-d8633e667d0f
0.3019078981044731,0a6fabac-b7d8-46dd-98fb-98a864d829ae
0.319595058241989,56d41152-aa18-4ba9-b8bf-7a8ce2a94a78
0.09583563266481514,6d4a7e03-de3d-46c2-b333-4d5e7892fe8c
0.1526687283092793,a137e421-37a5-405e-8ae9-2d93b20485ff
0.06476154875281637,dc168cc9-2373-48cd-9a73-f165772d1aa1
0.06136645328324025,5339615e-17e0-49e1-a93a-82e609df5877
0.2314875509384145,2f73e273-8a3d-4216-a4e2-a006f8c54825
0.2514074810909215,abcf11b3-df70-49fa-ad3c-7e908c9f8d04
0.26428026317101244,c9607c8d-6112-49d8-b74a-67613c9f2e90
0.6502029024331505,a2c8bb81-8a3c-4542-a761-38d8be4fd77f
0.03322229423184539,533c7ebb-2620-448b-92a5-78f9582d1c48
0.09368056067174517,88be8781-1947-4a60-b008-16e471aa2ce2
0.29467175784905,94170516-5e60-429c-90dd-65bc2558dae7
0.07785356527256902,a84ad80f-2250-49cd-818f-08d7883efe5b
0.24664643856899715,ab22f348-d303-4c78-bd73-74678efeab0b
0.035092074691060446,54e5be3a-3ed6-40d5-a419-7d45e545673d
0.19639809050434076,46ebc787-eeeb-4490-883b-9a9c384a3333
0.3278397219747108,a353ad35-a1a9-4afe-8fbb-897034122433
0.2550971148787346,33c54e2c-7259-44c8-b724-de83c94d56e0
0.2764118564248774,3a0bb393-d38b-4f59-b86b-a853069ee6c3
0.14380859595922774,533c714f-2979-46e3-acac-aa4bdf1d4752
0.2696627171101185,447300b2-ebf9-4a17-92f4-793022981104
0.13950043060556458,02670e9d-320e-4d76-9b61-fbb0480d617f
0.20980003160183633,e858965a-dbe3-4f81-b4bf-8220fa5ce910
0.1315206276327076,be7e2471-f9e2-4a06-895d-b8a3c9824ae7
0.19508468367133863,fea5a2b6-9a89-4849-bb0c-ceb1670d8099
-0.00851940390892337,fb5aa9d8-5242-42f1-812c-778420a826e9
0.05166213721372084,c16e2ac8-5a50-4f9d-a205-8d94c38dadfd
0.08098453481087327,c48e1cac-3e37-4f5f-ac8e-efe1c3c66505
0.230793735215429,f8b8a2fe-2357-4825-82d5-c38f6cccb5c5
0.4183838012331421,2dd6f3b3-1032-4c79-9002-650d7819677a
0.17087212568622545,6495f228-ca6e-4628-91f5-ca809ca6e8c5
0.3661796863220171,22f5edca-9707-418d-bf0b-b30f1dcacd73
0.5869641126544854,26c7b7d0-fb84-4431-bf19-5d6895b7b8cc
0.4874822337373541,14e3810f-1535-4a17-8f73-514d69211cc7
0.43193595107821614,1740f0c3-1aa6-4970-a2e4-d3ab94bf81da
0.19263393392593295,3ad6c45e-d2f8-4c69-b882-f49f5bf17942
0.3325556586925414,d4493193-a420-440e-8809-624171d1e8bb
0.05648942113832432,e0d783d0-9b79-4f80-b380-0945b31c6fc6
0.0553936716072881,60c8c957-2008-4967-a674-40b19bf5acc4
0.04239989152206834,5a9eb1fc-1dd2-4602-9269-e93b7e6f2696
0.2486875562205541,1c76b53b-0ab6-4607-8cef-d37245057a34
0.2306262565216581,ed6d1bc7-c645-4b60-a5cf-254b7119b9d6
0.28471181136380525,b5362f96-09ab-4729-b1b8-fb265e7545da
0.20236936984940995,b05548da-c342-4715-bd18-32df8ec5a08f
0.3767730476827228,3ba432fc-0a65-4244-aea0-66f86c5fc78a
0.3604113762109093,3cde81df-feea-46cd-bcce-f99d809bb067
0.4495814120711397,6c65b2e0-cf4f-4362-bc2a-13971fe92911
0.1683863828253186,ca5da760-5d21-45a5-ac63-edaee0f30499
0.3940774277210097,3bab65cf-b389-487a-a028-d2e0d8c2a10e
0.004577132055884843,089b9967-bb90-4667-ae29-37ed2b5d150e
0.06476154875281637,d2d2895b-e072-4fa4-a7eb-16bd21587b6a
0.06476154875281637,349e369f-609b-4a1a-a249-6cdba0fccb05
0.08827466157438009,67bb60e8-f746-412c-aa12-5e3cf69b7ced
0.06476154875281637,685acfb4-0751-45f1-92b6-4277a7df8c8f
0.3405458837708534,1bda52a1-e213-4b40-8a31-0660c4e11d93
0.2657455050057839,28ee48f5-94fc-468f-8ecf-5882d23a45bd
0.35537657211208656,508cef00-715a-4fa0-bdcf-e415ddd40aa0
0.16212313074819304,790546da-22d9-4e7f-a421-ba7a7e8a053c
0.2252093129046322,cb784ecf-d229-4a5d-89be-671e88887948
0.406682778087407,f7db9d25-b2c8-4640-a924-5e688bf1709e
0.4583081955046587,3d000b57-81a9-4a43-b8ba-16fe67aa9733
0.3406699808097208,b81f14ea-f5c2-45ce-bb0a-919b298d151b
0.15673133913311602,0220cdb3-e9be-4119-bcc7-a7bea2829bea
0.274703552213152,12c68f40-2dc2-404c-bf78-1b8843563cfc
0.2712072753809275,d81e3d4b-2e35-43e1-b88a-767b0e999f08
0.16950389405721833,bef8f4ac-d998-491a-b5dd-4964cc4a7e38
0.15055485274812638,5eae6d3e-b1dd-4063-87ca-991bb671725b
0.06476154875281637,d5ce1dbf-1125-4ee3-a125-786c1df9834f
0.32457980830366556,ceb83d73-72bb-4eeb-b2e9-a98682ca4cc9
0.20448073931020655,dd00dc3c-bfa2-4def-918d-720bb0033c71
0.028995443076322822,7c2d00da-c084-49c5-a47a-868499ee203a
0.05992125793519534,2700f81a-fc0e-486c-a72d-a818be1902f1
0.10547565812567,c0c6443b-b7f1-4548-9780-effcca481354
0.19631065748364573,61230398-c172-4a6b-aa21-91d7312f2ae2
0.25064323634736346,0c2d3d21-aa79-4192-bc58-037954cc3920
0.40374964505641375,eed6e991-b54f-459f-9c52-54a86af65a7f
0.08207489190689744,14604ac3-6094-47b6-a112-fd0db1c2c56d
0.14260926741315044,b00a75a0-07f5-4beb-8459-c7d4e80c08bf
0.13358649765091585,4abe992f-c80e-4d9d-be15-0c5cbfc29ed3
0.8350098092261842,54ad728d-faa4-4f69-bf34-ea061843c608
0.04647638836467999,74003caa-235f-4bfd-87ba-57ecf51ca20c
0.03629713362979922,ffc7a780-2742-42a2-a18c-f9c1b8549e02
0.12399231251984373,8b6b66aa-d196-4fe6-b41d-82cc547ff2af
0.10026838622224976,4a7e08f5-d1f7-409f-9034-5a2ac1c6384b
0.25439189833745085,079aa2e3-ec17-42a0-9c75-65af4921d040
0.10236540569710029,2cbdb7c4-fb02-4507-90d7-43c56fdbd4da
0.11959138050659672,53365d06-ba07-4830-b264-3f180d2b4261
0.32862305487046656,c622452c-62ce-4bcd-ab3b-5510175ca800
0.06690592640985557,be534c11-94e1-46ee-9193-a585a7791ae4
0.06949857849245726,49908ef3-dfed-4ba7-82f8-46726cd7a725
0.23910787998093785,c63a9bf1-9f97-49f5-b92c-f966b3e104c9
0.18694784584061364,bac46e14-2c41-46f0-9676-00d0b4902e88
0.004483313036890469,7b4f56ee-0f9f-42bd-8844-d238834bc1ec
-0.011245153661843359,067a3b6e-c95a-44bf-a084-e421182dcd87
0.14241507686505162,bdac948e-39dc-4ff6-96a5-3ac04c2ea781
0.16513367540425467,846afc2c-4b65-4007-b4e8-9a6969d2a88f
0.21527767544919638,dd6d0143-751a-486d-8df6-9db89815c583
0.041074962264948,61063bdf-9604-440b-ba64-f8a9eec88aad
0.18715841977401482,38fe5ce5-9e21-4aaa-985d-665f651fb177
0.21934822090148048,d729917c-992b-49c1-a781-508e7cb487dd
0.18162331959721395,17033e31-41ae-454c-bcce-0eb1acb8077b
0.16574079085222987,0986ed61-88ee-4cb7-977b-1f6620c47141
0.054014947980441846,34358175-6ccc-45d4-9f94-0bf229f22af7
0.2610149735321564,3a755001-0a0d-4a64-855b-3372ed1afc8f
0.31719860549173345,27ad3e65-250d-4159-b9e7-b1ff5eb4324a
0.01031320932051787,9f0c7ea0-5caa-4953-bbff-8f174bef2141
0.3569512724122794,05c8c4aa-6ed7-41e9-a739-88ed620badb6
-0.008893648491304904,fcf49709-0930-4cbb-9723-b21083bdfc49
0.34071243370867127,18433bd1-9a2d-4dc2-a89d-834d16702c72
0.14856184067495126,ad43ac24-10c2-4cc9-85b3-65d9188847f5
0.04717283365130563,58594df5-3c38-449d-b54a-58c49733408f
0.634075918416005,6ffbb7ad-7323-444e-ab45-8f50f3c090f6
0.12309798845167942,be2965f9-405d-444a-b8e4-296deed289cc
0.0650845986363815,1e8da681-ea30-4d19-b807-5f99b3782df8
0.007540836465120104,55b80137-b4af-4a20-9fa2-6d7ae01c2ba4
0.05064556698424104,bfb6a9ee-ddd8-4911-bef5-22c25d0911d1
0.2627639137697476,1ce2c50b-75d7-4bdd-85e0-51ded836dce7
0.23220861738562404,8b6ac7a6-5b97-40b6-a366-604991ead1b3
0.21914028111827907,42c351eb-49cd-4008-a376-0909c09ea95f
0.12162890692383092,e921d5a8-274f-424b-9489-84c320ac7908
0.004150335790526774,7909711f-881b-49d6-9131-f9c9ffeea07b
0.3159455116803539,636a052e-840a-4a79-bb29-7494095cd696
0.2431525444517464,a8a1f766-2b75-4309-a2b6-74d291e080da
0.36763619152128485,a9526d0a-0677-4cdc-acd0-7e3a51dee5e1
0.04539033276478492,e086fccf-913c-47b5-a4cd-9916be7fd068
0.244548779991142,19e29d58-f8e7-4aa3-a606-e7d6dab4ce18
0.1280469166476997,42a3782f-6231-47a0-bd0b-62e542d8a9e3
0.00569074201250612,e7b73520-acda-464d-98de-80ef992439ec
0.5271561282382705,a729f8ed-29f8-4454-96d0-02f4fa5912d4
0.5001689701181524,f8e2e9a1-0edf-4375-8abe-07cc1f637182
0.07181124611129293,edf678b8-fdb4-420b-9a0d-c0520a438bec
0.23493638273076312,655c9bab-a7ba-494c-86cd-98fcc6a0946d
0.33751704494908297,fe9b0a2b-83c2-45b4-982a-b45fc980c7a2
0.5392533065708764,e17f1c05-b976-4c41-afdd-80024ec58685
0.01591119841513584,4f465113-f388-4d08-8a9e-ace9382ff346
0.47960003287288966,801d8706-8b00-44a0-b25d-41c894a4c5b5
0.20175308137466053,9585bcf8-fb58-41ab-97d0-42d6f48222a2
0.19271039036823226,bbc756d2-a918-421e-b552-5aa6b52f5200
0.056392209146271494,bcf90505-b6fe-4d5b-a51d-e284cdfead46
0.43570852582935476,786ccb15-ae10-48c4-a21b-b7982f8d7cf5
0.1731227894908685,a59d0b75-4dce-4654-8fff-563b1ba14dbe
0.2035702858842147,41c06799-8691-45d7-9fb4-e07afd61371b
0.06476154875281637,c9275ab1-cdb0-424c-ac43-b10e344f7975
0.26542167867748345,012982a8-9d28-4ce6-bec7-d80d324f3718
0.33824525223910196,a195a7c1-30a1-4e35-9b9a-2eefb43e3d00
0.23665599482490268,4fa21aed-d9cd-464a-9d21-25f773c860cf
0.3190493874147432,41474f44-a6ae-45ef-a200-84f91fb3e66e
0.001572622284302258,b9c7293a-06ec-4768-bd2e-df06df177f04
0.17582543070849224,83bdb7dc-ceaa-4b5d-b96d-7ea624caf78a
0.08746476225996185,a05a562f-03df-4212-82ea-e63aee109460
0.2045982932426409,d204e76e-6e21-45fb-8dca-56e5c514c4b9
0.17335118188105936,dc757b48-673a-48cb-8d36-2330f6f9e469
0.20865791185143565,272cecbe-f73d-4263-8ef9-8391877dfacc
0.19694986807029655,eaeb7397-babe-4a71-9022-c04fe4034b82
0.06476154875281637,ac221efa-6e36-4756-a088-8c04d3eff0b9
0.18714467775422766,ec08dcbf-17d6-432d-99f4-c21b46f1e46e
0.07201761831995956,d35ad3a5-905b-4a44-9f49-b3a6834edf69
0.14140688239032476,13dd0141-556c-4205-8711-1110ec82e065
0.19483866999387892,bf361b10-9658-4f15-9a60-ce422f0d4818
0.2446796790198194,d20687ca-551e-4a70-9c42-1ef99fa1ce37
0.08181818690775816,40182f5e-6318-40ec-ad9f-3ae582f6c118
0.3833747599017647,d66352da-6ebc-4300-b09e-3ebad6329d4c
0.08084665875779856,b6379cfc-53bc-43d6-9f57-05044b45ffac
0.17263836911438027,16a0b9d0-80bc-4ccd-b6e4-3fd04c2298f1
-0.011366921642912,e054ef8e-ad6b-442f-9e19-e1314e40138b
0.3395993895638385,78a22453-3755-456f-825d-15c29f3e80aa
0.24656649733438074,d0607ee0-0ff2-472a-9cff-2a0a40db6a63
0.14529355095518937,c43c280a-9eb7-4918-986f-5cbc2e919084
0.03217252202617647,9b8f0af9-fb43-4ac1-986d-64cdbc5b8969
0.25191237920796133,8e49d6b4-0956-4c48-b715-97866e38f5a8
-0.0100247496546719,18f84240-1c29-4169-b4c3-7383534db442
0.10110634759384964,461b9b33-edcd-490c-8685-3ce47accd4d5
0.014818549220189065,db1b1bc3-b3fc-43a7-a782-ae89975ebed9
0.40274737308669073,570789b7-a0e4-43ef-a841-9867be226c7d
0.27573556722917086,92a875a3-e3b3-464f-8d07-cac93664f1b4
0.41647515599778007,f9e76360-0f30-4799-a895-294c012cded4
0.30503440961871453,66452a9f-e937-48b7-a8d1-f2e304e9eca4
0.18431478383679153,21e48616-7dd3-48dd-a61d-e12b7723b4db
0.2062450076001633,f695e3f2-dfff-402e-afe9-1dd9c35bf389
0.24123759587741528,725adc12-1a5e-4ae2-b4c1-fbf2d849a958
0.12740947795458793,b6d4c98e-7c2e-4c92-b06f-f432d24eed53
0.15421454203121104,434b4d9d-7770-4bbb-82c7-fe9848d4fc0d
0.24278003311038876,7358704f-f44c-4b0f-85df-cd1ad0ebea1b
0.3779158414517106,a3cf6661-5a20-4604-ac62-30e96e3185d1
0.08763023085423888,7ca0cdc0-a1ac-4d04-a127-75f4ca807a90
0.3166544206304484,ce4bc38d-bb2e-4b6d-9a11-e09f0b2658fe
0.06476154875281637,a6bb2632-d8fb-4c74-8046-74b10344e372
0.08255641053653659,6dd06694-d018-4c42-99e2-54aba2772dca
0.03838230207703244,81d7bc00-cb11-4892-b86d-601be26156dc
0.1589618774562104,83631ab5-5104-4777-95bc-6aeed91f28e3
0.35187733063571913,4dde8429-3ba0-4cda-83f4-988439c7d9c7
0.5262892779470609,d9fdf187-8b35-48e1-927f-a171b0a59d12
0.21851188244961386,22dd1909-c08b-48bb-b1ce-dadb92dc5415
0.2740970862137958,f2d7f060-0d7f-45f3-bda9-7f5ce565097a
0.08544854961816223,90dad51d-ff06-478c-9c07-66eff503acde
0.3422271617631052,f9debd6f-45da-4bf6-87fd-250795adb1b7
0.06905358812923318,f81b7667-aaff-4b0e-920b-ff6784a3e0b7
0.2710295682261004,0b32228d-2cdb-4543-a4d2-49171c06f1a5
0.23635623983567117,10650091-d766-413f-b71e-361f07c719ea
0.22846454544276554,fc259b54-1ccd-4f8a-bbc8-a8b8187a58fa
0.02209537221130006,d55ea652-9b05-4079-8c5c-d593d86df012
0.14913409018860124,ee02eb2f-1ba6-4ea5-b51d-55f5efa52034
0.3361323170293507,19d728eb-2ba4-426c-b0e8-caba561472d7
0.35303986994802555,37b91c63-824b-48de-8ca7-b5071b5c932e
0.05520351345821417,ad12e06d-513f-4af5-9ec2-ed2ea94e9413
0.19814032375172647,94e8f347-629f-4f5b-8d08-51fbe311dde4
0.09449445517034115,31761a62-77bb-49dd-9293-79f3140ab3bf
0.3413853989778289,d040211a-99f2-4461-9a57-f2e53098eb55
0.28380079459360347,10650d4f-a85b-45f4-bf46-b6a327e6dc8e
0.09739096943204571,c835a977-d986-48f2-ba7f-17f9f6187907
0.3949605216933518,0549f095-a728-4705-9e39-2d0f2916ed2f
0.17662718279143444,4f0b0bf4-c256-407b-948f-816c0de0038a
0.10891285286909856,99ca6f3d-33d5-44f8-afc6-4fa657492555
0.16985930944544683,0e700942-10db-4968-a187-859c1e852fc0
0.033253537173304856,a0e77007-abfa-430e-a76a-290e61619a86
0.05935539005491498,7be673d9-6bae-44f1-9ac0-0cd1d9788d00
0.05447000673056329,7b00f2bb-ae11-4ff6-8a65-7492f471e4e2
0.16075543286734373,77aedeb5-823a-4761-8692-32e3731a173a
0.15157801112063587,1a783421-3bd0-44f5-9fdf-34e1ea0d5360
0.3427394715951727,21b5bad2-079a-4bfa-beb7-da971608e130
0.5697137918594138,52c98faa-b7d2-4cea-b0c9-896bfbc7b929
0.176805237489682,060fc4ac-1dc4-49ff-b373-13d8bf27bd6a
0.0742882041677273,4bc658e6-18ee-455e-849b-51a30fdef411
-0.008719064736804803,2b641f8c-6e43-4cb0-8caf-3fcd4c546c10
0.06476154875281637,940cf46b-55db-4cdf-a36a-133fd8fa7de0
0.273436076517086,54faa0fa-95ec-40f9-9923-b4d4ca59ef0c
0.09035040813029896,542676b0-7ae6-4c37-a241-df83364a4958
0.20831997852065048,dd7181a9-26f5-40a1-b0b6-f675e9f0a9be
0.48964296542825725,1da1250a-1d4b-4d5c-8c5e-36471e3561cd
0.3089898407243688,3c446b05-64fb-45e2-b93d-8a81918bab1a
0.07106035188587449,6792268e-659e-4291-b637-a0d22cc45584
0.19885999217362052,e1e7d26a-964a-4ca7-9fab-28bad0af8511
0.11694450333815153,bf01468a-34f9-4373-a2c7-71cc17b6045a
0.08693952432676946,0e180be9-cefe-44c3-85b9-6dd4033d51ee
0.0157184936375754,5dd29261-11b7-4c03-91e1-0db5dce501b5
0.07220987840914293,afb9ab8a-d59d-41ba-8817-27d6108dabf6
0.08311492395343159,94ec9213-5dd8-4123-b46a-2453d7d1fc7a
0.06476154875281637,730cf1e3-ddee-429b-aba7-a918e817391b
0.2548824567569745,a03f2903-dada-4f06-a70e-2f67059cfce7
0.07955561029124267,ec293c78-8c19-498f-b7f0-a804206f3a43
0.0806513919372002,c0cf284b-c85d-4bd1-a41d-8625145d113d
0.18263076783373103,f93dce3e-5f87-4e44-ac86-98321ecb54e0
0.04012739513997007,22337e33-0ab3-4eb5-b396-eb9c5dd7fd5f
0.11673687698367495,75d2253a-e2b2-4326-b35d-fdf399b3ff81
0.022490297153566107,c48b5462-81fd-4609-a621-d06c4a6a0178
0.01026763664226938,2ebc1132-6a33-4139-a69f-728e953a286e
0.14561716970437122,b49e7944-efe1-4304-a488-b68e56ea1c03
0.46733379162953476,9da5ca5f-02ac-4565-ac87-c3d964d8aace
0.3732527161305628,691fcb5d-9365-48b5-983f-633a65c67221
0.26817802718844996,e59c5939-c458-44d3-a3c9-65714f2a1ec5
0.053781064954324026,3bebffad-d614-4250-9419-e135ea58381e
0.3784375754769276,c4afe6aa-4e95-474a-8961-80d280e5a10d
0.06476154875281637,b9a89c34-f2d7-4258-b547-b747f96f8def
0.446504407869879,6ed90cb0-577c-42fc-9475-0c62bd2db130
0.23332770625670737,cd8668a7-e12b-46b7-8a9a-736c3de18a45
0.06818331537301804,ca86aec2-e6df-46eb-8aa1-9b9aa8fffe9d
0.06476154875281637,e6432761-a6aa-4d3b-b120-d9ba09796f1c
0.30106235772202966,44b4b818-374b-40c3-87da-fe26cee8121e
0.18871480437641866,a03782d3-a6bc-4aad-a4ad-21844231222a
0.3663966018635123,b08001a7-3c15-4ca8-917e-ef9878f39fb6
0.2919674860107075,1a689fa3-92b4-4ef1-b845-b536e630e434
0.23763148904294917,a084d51b-7b93-42cb-b2b5-c390ffd332a8
0.37641251636535666,98b1316a-8a88-47cb-8fbb-97d8c71c3cfe
0.1325476291750744,8d03bc38-7400-477b-9382-de2e5af060b7
0.13976929158417223,62d9f342-90f1-40dd-acb2-3b0b269c8eee
0.20639470563771822,9017fc0c-8481-43dd-ba64-d8d6abcedca2
0.24867826926046005,c6d6ecfb-dc90-485d-8bc8-7b5807234842
0.1314704412676768,020197a2-1992-4c64-8eaf-1d3635cfffd7
0.11877610950158689,dc2c8d0b-6a87-47a1-b585-8076645ce9b4
0.21823274710683405,809ecb73-02f5-413d-b335-cc8dae35348a
0.16494908438207237,f94c1e4f-ef77-4dc2-9412-7a81fb18fea4
0.07930846805862633,570dbf1b-5abf-4358-8922-3b57a4f1efd0
0.06389853027966097,50f95127-bc70-41f9-a01d-0e4cdb3fd622
0.13088481201173366,d2a44542-24e4-4c0d-bfb3-968a7ee4d31a
0.08779422955798116,754431d2-cb6f-4f82-83d1-782f583eb69c
0.05622133298999431,9f57023d-9294-442d-aad4-c9082f5ee928
0.1462427201362611,cbe6e3a2-f120-4815-959e-540f57c6ead1
0.15950238518181442,fd8de619-9182-4340-a585-2bd9733f2f4c
0.18407714986296758,d6f56992-c91e-4382-8c85-8658c17d2b93
0.019916437193590247,4932c11b-bdac-4b97-a54a-1c70de09d81f
0.1041864149397101,c6e9bf15-99a3-44f1-82f7-aba2ca2283d9
0.022309682577853738,2d12fbf1-863b-4238-a7b7-66e3349b8001
0.034682826065047065,da430563-8ee9-4ad3-a58e-d5c3163abceb
0.23045387901495554,36ef857b-5f42-47cc-9638-790aa3ca3767
0.12649677442886756,a581ea12-2221-4a82-8077-31ebdc41a520
0.20547169420763722,8556f27b-9025-4418-9ec8-a7c5a5df69d3
0.5709694102882409,fdde3225-5864-4d8c-afd7-d0b2a4fdddc4
0.42820369825890947,cc3cc75a-9c73-43d4-85e2-116ceb8a3f97
0.0521664788641676,ef96e4c8-95a5-455f-b052-8404e382ad85
0.11714960248247537,b7c79d55-71c5-45a4-9aca-fe1b2a1348e7
0.046856053136293915,ad39ce1a-98eb-4890-91fb-3e6c4095be0b
0.1636496261173386,dd25026b-343b-45a8-b439-5ab39eba09ad
0.4427915012146373,15ba9e33-a89c-4c07-9dfb-5f811612b4ec
0.12096859020257374,bc512719-354e-48d0-a61b-6b84dbd2fc2f
0.48971775246148186,359ebd8a-efe5-4a9c-b870-c188106b1aa1
0.05899540939134085,c5ed3742-8fa4-44b2-b09d-512a58b2f1e1
0.1770663563452117,baa99cf9-1c01-4134-939a-dd80b04f9621
0.4066990803395052,82a4a351-e39e-482c-8878-526a14dcfb26
0.006584626793402767,39ac6c4d-18ed-4b16-9863-340204ee2e36
0.24927311765702598,6e32c6ec-623e-45db-9600-08205cbad4a9
0.757861859902869,55f8981d-b706-48f2-a0f9-b46a7f4f4847
0.0799057264286654,1c4015a1-fa98-4c5f-8c53-5dd798a2c724
0.11192449489530563,145becae-b003-43f0-9e9e-8db706636588
0.3058641344221689,0e3d7b9d-28d4-4949-9d7f-51f6e4ff63bb
0.10770588589809138,b69fdb01-d0dc-4ff9-9316-e42a46b8c8f5
0.207858058086785,ae2e81ea-0faa-40dc-bfc8-486107f0572d
0.05148464468418924,08ef833f-48aa-4a70-ae96-cf2329bf8432
0.034554099672882393,8ed1c9e1-b7b8-4a2e-9c3e-e6b44fb40c0f
0.2171207103296909,516af2bd-457c-4c15-a34d-6eacf0c190ee
0.24332167878187844,83748daa-018d-4009-bb4f-057b96b0f7bd
0.6732636049097456,9ea644be-2045-4769-af32-19fd1ab9f806
0.4215186923443987,6396cbe5-e39f-4538-9c3e-58f8edb640a7
0.08540326972144227,2e1de885-47c7-4541-8e61-4379d487d631
0.22453757228172008,f115139e-dcd7-4201-a1c1-fc3eace1226c
0.40138545986255597,4fc48580-debc-439a-abda-b24ccdcf4aae
0.15049564395405676,68ba985e-13f4-418f-9867-e93aae70ca94
0.36352290732139075,ef492307-f7d7-4f20-b6c1-f332a65fbea6
0.17347161860058086,3f53df65-b1c7-4ac5-bf77-84c052945585
0.07434228862514163,c995a8ee-bacd-4173-90db-65fa5babb7ac
0.3844183307338786,60407ca9-f91d-4ba9-b994-9633f73cca2f
0.06476154875281637,08d26403-47e7-47ea-ab2f-304c98791254
0.09764687581988234,96b144c2-4436-4e61-ab0f-80d756c19b5e
0.39496414637435645,87fbdba8-d875-4a51-8c18-9f447f2cddad
0.24136262122907132,1d83f3f6-abaa-4cde-a6d7-af36b414a1a6
0.03007029257907887,ce9fcf5b-6305-4bb3-b7ba-47df27fa3368
0.20273165313877503,6b84b970-2b4b-432f-a1ac-20414af9e1dc
0.20710457574621796,99fde004-472e-42e5-86ac-1c7d1aebf332
0.2542582588250005,ee1cdb9a-eee5-42eb-986f-3ff7f4114ac2
0.13396729762526197,bfadba2b-2996-4917-a53c-41b604db666d
0.1350831346007832,e3c2435d-33a1-4758-b00d-7e0eab9d80e0
0.04261688745929308,a80c0f19-d530-482e-a630-8c6b06a0d146
0.3210507104532837,20bdb397-31fc-4bfc-8fce-bb72749d56cf
-0.0009797498826375171,ea89bc8b-08ab-42f3-b331-6e1371c61120
0.027952508265567926,f927ca9a-7d1f-4842-afd0-3bada755f6f8
0.10239056109090482,ae6cbfa9-383a-4379-b90b-311604ff2aa9
0.2208298091314664,3edd6d68-43e8-4904-a79b-f6dce9ca17a0
0.06476154875281637,8b669d6e-263e-413e-8aef-4f0efd2c1228
0.1405963149997681,95892740-d078-4337-9cb9-6bea51d15c39
0.37470605702420345,c55376bc-2bf2-437d-b53c-837e5d319a89
0.11154800298655902,1cdab01f-ada0-4173-9d44-607ff2475ee5
0.36140076734890725,bf76190c-7fb8-4cc0-a73d-17ab5020dded
0.3600601807826765,66b2d22d-7637-4660-935e-1a543468b483
0.02446790215937555,af36cd6d-f054-41b4-a06a-e302cd5767c0
0.08951364638233264,a65c680d-9c17-4abb-aad4-26678eb9c956
0.42786194163814456,348f2349-d9ef-49c7-b5de-689f663bd0cf
0.2300072063891651,65e48e16-1f0e-4d85-8a53-4414b5077f0c
0.2134189054959803,63dd205b-715d-4cb9-bf76-937b3d9702e1
0.2454170901686844,2e5491b8-185d-46b9-9087-1e26ba2594df
0.06904453775690368,939e3ca8-8273-4564-ad39-18890365577c
0.24662541224004297,7d6d5b65-3ed8-458b-a69a-2f2772f1f6a6
0.035101446045560133,e565012e-e1f3-4afc-a0f4-d586624c0c27
0.23716097779335082,e8b5991e-8586-42f9-b195-da8d8f15d3a6
0.3479242877568673,2878b243-4413-43fd-b728-456e1b7f0bb2
0.0853875485805621,30d01396-2b74-40d1-bfe2-80b74015fd8f
0.20488168980449722,7bc27cd8-bd25-4118-be1c-08158508ee24
0.4557230127673709,9fffdff1-bf29-4818-b221-891fe4c0bc2f
0.1072767713295889,84fe1d70-3760-46a0-9821-41950ba6132e
0.32844724527625074,1e326d18-6b99-4eb5-89a1-da7e6cf9e914
0.14536707993059592,de1250b1-f1c0-4b21-b052-49264a962380
0.1820594741875268,9c9d22e5-0b10-45a8-b510-e8dd5b4d88a1
0.20377417435108333,bf23166b-86fe-49a0-829b-d812f3ec489c
0.06476154875281637,efbebd9f-09b7-44cf-9c03-77a94afb693e
0.11730862010100294,3d8b7f56-409f-4e17-81a8-ef53c21e6efb
0.12772602417677076,bf0d41cd-06da-43b3-8078-dcdd4a5bb16c
0.26249106946979184,5377d402-3edd-49f0-bb33-4dcbe5026036
0.3111458213136738,cec87119-7262-4161-8047-176f6eb9d9b5
0.3544326934568142,1e9c3e2d-cc35-4bbe-bdd4-d87abc30ad40
0.7343020748279555,4a054b14-620f-4694-b1cb-ac8c5e8d3af6
0.04404855888488335,9fa04a2d-c18b-4525-aaf7-2f07e1b6ad57
0.18449335013468815,ec73f01d-2366-439a-acbc-963857aec8e4
0.08314909360266493,27f95636-6fcd-48cb-8ec6-564398260a77
0.11351391198203346,2db65004-f998-4323-b978-1fd8c4b11bee
0.2446386393924742,09562d06-6674-4468-9b8b-1d64174a4a90
0.3684637674320744,7d8cd119-da6f-4412-ab99-8d4b68f8df1c
-0.0032395566794524416,6ba67e97-1ffe-4fe2-8bae-f110f099855a
0.03471027566801135,d202d8ca-7a13-48d4-b409-b831798d486e
0.09216442878740556,f2e94a3d-6839-4367-9133-98193fdfe76b
0.10441959814986332,34907217-5299-4e65-b23b-fad26a924bd7
0.39857057680663094,6dfd0534-94eb-4021-a1bb-d76993b07ebc
0.33035013169220306,c42d7f59-a870-4e1f-b979-9925bb43e793
0.19224121894048746,8843f0ce-20f0-4e68-bfbf-fb3745695831
0.06763851265970174,feb9146b-2f65-4e38-abf7-1cc01cfbdeed
0.10876693294199026,678cbfd4-a22f-4cc1-b5b7-32a4bff88bf6
0.19714174494983616,3f17f819-afb5-4a16-bbca-3d11c228bc8d
0.2549164120870448,a9c9474a-1d4f-4b2e-8167-314929e34f21
0.3719852887404478,13692dce-51c0-42b6-82ff-6c2b177a04f6
0.08586873416499147,e0aa9fd9-99ce-4b29-99fe-271ba32aa24b
0.44052850742735267,25afa6bf-7222-44aa-afec-b629eec3bd40
0.03882651835670457,bda53cb9-4636-4ac0-8475-1d297987418e
0.19693441769224232,23ffaa33-2d27-4f9a-8e30-a71b6aff8753
0.11892372575742784,59698e9a-05b3-4b44-98fb-017ae1bb48be
0.25987497684785765,97f86c0d-cfce-4911-8574-6d35ea074816
0.07141447469406911,3441c3e5-589a-4171-bb51-0f7fc0971545
0.19329297058506745,4a2db093-7643-4749-b8e7-606aca9e876c
0.14811677648387608,02863827-2029-4d0d-82a5-4b87c1125409
0.2013007391524181,0e68ff04-8772-459c-ae54-757a08f9e426
0.35021089272919786,8b93974f-7c79-479e-8b78-36140e81f287
0.2950929019113976,e50025b0-67c9-411f-b7f2-3961f921f802
0.17896356993330284,b051ba16-750a-4d6e-b6e1-cf272da83801
0.04249747894691697,466fbb02-06ef-4429-809e-d90074bf72b0
0.07553982319189056,dd66e9d4-eb38-45d9-bded-dc0c0abec1b2
0.3588686638183118,27131dd1-18fe-4348-8f34-ed1e85f31d1f
0.13306131615505698,3ad5df9f-5256-4600-ac20-5f0a90f8f6f1
0.1989620524667557,d3e9ffe1-29e0-4e16-8068-6200e07f0761
0.4902688363922768,defe36b2-14b2-4b6e-8737-ce6ec55850f6
0.17096642098268364,e39ba3fd-2f5b-499e-b598-d75cb12f4c97
0.4880603823277707,4c3e856f-acff-40e2-9055-9d8c199a2ea6
0.2535252364000746,ee153fe6-0587-436a-8ea1-fab142abcd1d
0.18059472814819486,c5b17a3f-b769-4396-b3de-457f2e08e82d
0.0835619185733441,2d0b9b50-9b8f-439a-9aee-49229530ef0f
0.24886072864056752,1467019c-c5c7-4803-8022-7bc183a57761
-0.008208065977207878,41278c90-1cb8-47b1-a1c9-25e0d4afa778
0.031068788750540307,3d65122d-0a9d-4eaf-9ba2-3f6df3ec54ab
0.4694500159910645,86a9e29b-aaa7-4dc7-aaf8-eb1bc0f9bed0
0.18763684412142936,b977e4d7-d243-47cc-8756-e9df6dd9ce5c
0.10912702993317973,4a8906ae-810f-475c-a263-09d341334303
0.4071917004228284,d6fa7d64-bbb9-4f23-9e42-0f9e0f97a34e
0.24961280859672363,2663fe74-31a2-4cf6-b75f-06f919c29463
0.023520501867896258,19a1611b-a353-4d75-a077-62a8b6a6e12a
0.3024722911746685,89497639-6714-4a77-90a4-4a238a35e591
0.16427595330636924,fa271c88-ee25-4d75-b206-5fc66251fa82
0.25859852807985834,40170ed4-4f17-45ab-bd7a-256aeb6edbc5
0.29729859076318726,acb66d3c-594e-4a1c-adb1-6cf93955d882
0.1388139506641568,be7a6d9c-54e2-4745-9cf4-d8f6aabefee0
0.12339297061823536,9af06e08-e407-4cf8-8e2b-2580937c99ae
0.18084266824124912,2f0a9b53-1b45-4301-aeb3-dd7ae98db1a7
0.1376110494904398,89a8828f-6d04-430f-8fb4-b4620a9d2eb8
0.07247078745847997,18c5b665-55c2-45b6-a5f0-9d561c3d2181
0.0423920769374055,27cbaf33-e9cb-4638-9cf6-6e1827d92e1f
0.019264968427528863,b4112e66-68fd-45be-b1a9-f468f8d62cac
0.2634005815292958,f62bd997-6688-422b-aa19-6b8c93de094c
0.38498515230648966,c1f44fa2-2e45-4158-a117-7876356c46f7
0.08146294947009304,200b27a0-e79b-4f54-a045-1d6c19d58a87
0.21229185409116474,f9c4c690-f3ad-4bea-8987-7b683fb4ab45
0.13278934049018362,aca7d939-9a6f-436f-aa03-8b6ff9eaa00d
0.16844695531848522,83e0234e-dddd-47c1-a695-93484a5836fd
0.4144093622540211,eac59d6c-8335-40d0-81f4-b9001ea6a2b6
0.13438565011589307,230eb949-ca3b-442a-b0ec-672660b1f136
0.17213066251154038,50ea3b09-951f-4054-83a2-4715e376b036
0.47605433441160006,28968ca6-e416-4f98-8076-4933e193077c
0.4424647055968941,cdf1cab6-88e1-4982-a239-33431f80dfed
0.04207019804136576,78719e69-aea5-47ff-a363-15f680d74e10
0.06476154875281637,cc70f76c-0fe7-4fe4-9604-690396af900a
0.2532799719314269,9d702b19-e823-4533-a47b-3cf0a9bb01a2
0.191295373382203,7a97c9c7-3b1d-4c77-8ba7-a0a146879f41
0.4324170610001781,7c7aba32-d68c-412e-bb9b-347ed0d4372d
0.03747325067526783,9b661f5d-a1df-4c27-aee6-310b02fa5e41
0.13752082942961857,d5788da1-181a-48db-bce9-d604b3ce8efc
0.05658837075802138,7ee70b9e-74ea-4228-8b37-d898d2dc056f
0.3117696020975509,4fe36034-8dfd-4cf2-bd94-3e4790259900
0.4042487729086523,a155e223-2029-4751-8f13-0cfc8eb66908
0.37146740344643664,1cf5923d-3f39-402d-8fbc-3643ae574cd1
0.045475767440797274,137f7400-1ad8-4ea2-b784-41a017c1e805
0.1035757120976277,f872bb51-8fdd-4264-aeaa-f8cc03613016
0.03873581426793263,6e653302-a660-4c8e-a90d-403df3bf0344
0.1455554070007509,d68ca23a-fae1-4e3d-8991-bdd63ce84be7
0.48287949400946684,f86d02af-3792-421f-80fb-34f889c4b1d8
0.2651973226337826,09120d7c-e933-4360-ae07-344733306937
0.07197211262289248,486a3fb4-61dc-47a0-8920-9af2b4282aaa
0.13053808575227585,e36dc52b-8193-4171-9e4f-b9090612a71d
0.10135354630069217,970e63b0-70e6-43b0-a2d9-3b728c686da4
0.0903662758950072,b2c82f29-b250-4e90-83a0-8f4a63ea33a5
0.17805911609777772,cfb80dc5-2f07-4a40-8e26-777ca52d427d
0.17229812158466953,b1546a36-6035-480f-b486-8138ad488aea
0.27939025371901605,a8bd151b-ac40-4700-8e54-63d76d2e30ea
0.21756907267614262,660f7a41-7ab2-4213-b985-c28edfd1bc1f
0.44465390437703245,33a681a1-3c84-42b8-aff9-60097b712a64
0.2748135809476078,c958fbc4-9087-44f8-99b6-60200e93e189
0.06476154875281637,668cb9af-6be2-4042-9eb3-14e61441ba69
0.10391052713026984,f804288c-b9d3-44e1-87b5-e8976d780902
0.33734996092894937,ceac99ad-d35d-4579-a6b7-452f2ac338ae
0.33865394827024675,5187df9a-e2c4-46de-8b87-61755cf52000
0.2203788726292561,0ec985b6-d0e9-4025-a1b0-3bc0d1ab72a2
0.050829440106556184,faaa94e8-2e45-49b3-8e34-61eb23bc4b25
0.13831743476892308,6c2ccfcc-05f3-49e9-8b7c-b8a9c09dee06
0.1539408378582159,85b0e74b-6abf-4782-a88d-0fad8354d4f8
0.28658373979276996,a86a1d71-e50e-4ef6-b80a-2a24b4a7c029
0.3015966730705256,540e83e6-1065-4c6c-854d-35442a5a17ee
0.006126046339937009,6c200567-1345-406f-b934-8ea62533fbef
0.3327990989496451,ab8cdaf6-1136-4743-a336-fa39efbcce71
0.33641426177075184,7030ffc8-ea86-486e-9eee-b06727519fdf
0.1926999097101096,739f041c-2134-4367-aada-0edf75186355
0.16386276912305936,467a8c98-0cd8-4bbe-af93-767b1565f276
0.22165474090255555,d00e408e-1988-4597-8f6f-0d0799333611
0.16521519270737647,82ee487c-9698-43e8-bb27-f7504c14d4da
0.15141795452319423,6843cc8d-26eb-45bc-89ab-369de07d0d44
0.17455119991112047,86438964-f34d-4a22-8af7-e166f995e2eb
0.4217112719246427,a72c594e-746c-42e3-8b57-44513f9178ea
0.08762355536884198,2b76e4af-6026-434a-ba8f-d3dfdea41ec3
0.06892318015367926,373ad130-e56c-412c-a263-ee4691be22ba
0.34598406942912713,f9914bd8-69ff-4ad1-80a0-ec6dee36c323
0.12623167632679425,c822bfd4-3064-408b-84b0-ceb78a75407e
0.06476154875281637,b0e9ee8e-ac3b-47e2-bf83-cf297f8b0be7
0.14417412362922905,eb8d7377-b8a7-4f60-bdc3-7bfa186d3d20
0.1882729737420569,000b9191-a3a9-4e5d-adb4-caeeb4ab7b85
0.2922719520304921,a11cee5b-3800-4d00-8ea2-382e4adb525f
0.035872177477452416,d22cd02b-5177-49a1-9789-451f4985ddff
0.1651780109697463,ec9e6bc8-380c-4a96-b5c2-b73db032b141
0.6719729628778456,36a9e38a-1942-4b40-8621-58f63e77851f
0.1600706104396982,a0dbea7c-9970-4edd-83b1-3b3c6d9aee5b
0.12579069390897823,f575f4f6-99ea-4578-aded-1f4fe7308e9c
0.24002187925646606,6b8ba4d6-da04-48ee-98d8-7044a5b7d944
0.12146259792351675,d6cd27cf-4595-4a15-b7b0-d54e22d6b4c2
0.16079088535625116,c97788d8-c41b-4986-b6da-b0b65bcf5f5d
0.07690304508368619,6983edd8-e6fd-44a6-af27-f80de0265fef
0.2150055424185496,49555391-be6d-4bf9-b317-7d18f00646e4
0.27677216157699946,506a9fc6-0bd0-4a2c-8afb-8598a78a1d41
0.09563231276430983,7291baf8-aca4-49e6-9c36-5927ff772b3c
0.03777521062621683,e322b9b5-1062-42ef-bf54-dd690be308d5
0.2432322009649927,fc90dce5-b123-4eeb-90fb-796dcc307460
0.08203671523552285,d0d45453-4626-4452-8645-30011a7ddfab
0.12752128323396927,26639851-2fa1-4292-9974-3f90b578bccd
0.046055988388635144,19b1299c-f52f-4792-8c5f-b9558813c6d0
0.2182472648473819,86c0a4f6-199a-4901-a677-1b0867102085
0.22077517056425255,ce6d93ec-c9eb-4a1b-99b8-385fd921f30a
0.12656549133078057,503845b6-0595-4dc7-828d-20d1348997d1
0.3546689098912565,7de6b258-be86-4696-8bbe-b02f926959ed
0.007163171968615788,606e16de-db28-41ec-9300-b7e2f7b3d932
0.3246436414761832,bdc7b1a9-3735-406c-823e-924b0cbd9d9f
0.08860208291290957,29cd540f-7ca1-4788-b30f-521ffc5da898
-0.0038424399279634036,fdfacd61-9928-49c8-8141-36ff09636334
0.4022664296612116,676d66d8-61b2-4ff8-a597-c762cb2ffdb7
0.1638851580158342,574540ce-af10-4be4-aa13-885145122daa
0.08491471502330891,42c839b5-89d4-458c-a3dc-1f13be0921b7
0.19846225648401314,9f40076c-f605-4b87-b4f6-09dce4853618
0.47184340158843685,535a817b-86a2-4dad-af90-ad68c600d19a
0.0305509175986198,0e0d9ba3-a8c2-4bea-a9e5-20855c0b1dbf
0.03827681641518292,8dc2b88b-874c-4350-92d1-90591e57aed9
0.13277996934685202,b8fdf8de-c90c-40e4-9f13-7cfaadf2dea8
0.13857759959111632,d963cc62-1fc1-42d2-96d6-9cb7e851adf9
0.10902002900299755,bbcac65b-cf2a-45d2-a005-c1e34c152908
-0.0011251203263941655,dbb83c61-792c-4b09-886d-438ec0b3ce31
0.06293555942780421,4a37efc0-7be0-466b-831c-3d55d3edea73
0.00261957829480031,f9957b48-b2dc-4bc4-987a-66ce882e9213
0.205842375203084,9ba7bdf3-fed6-45a5-a569-a89503217eb8
0.137334705678776,62908f9f-b250-4857-9ad5-05856fd689fb
0.09197793580047017,0ed96bcb-1c09-4334-8499-6a974db17d6e
0.1658211460043905,7a1a0b53-c252-44a6-95a1-6773dce326a4
0.0041505271124374216,52b4047e-5f2b-4082-ab43-f23e2717e00a
0.09098321888542184,e8a49b86-4de3-4e32-b46b-fd3ca4b07110
0.09264250631621548,63ea77e0-90ec-4306-b7fc-8b11b419abb0
0.19410675552772272,04da8908-ec73-400e-bdbb-f584dd20e767
0.21299683151663015,e3dd3f0f-4b7c-4fb1-b9c9-d27c0f36e210
0.1852336177038145,bad2708b-cc56-4657-b549-0d50d0c1ff61
0.20686145829781022,f34705b9-7a12-43ac-8a57-69b9634bc543
0.15647709518146002,48deee83-9ae6-48a5-94c1-2d8239a9281d
0.18350993002159705,be84327e-bb7e-4ddb-85a0-2537cc10adc6
0.3609880601773475,5d8d68a0-e351-4a8e-a216-d20e1f3da060
0.92852647841945,8a2c3998-c8bd-4156-9eba-5130cc6fbfc0
0.03146470229180952,17f42629-1164-408a-985a-f26b8f5dba36
0.22885174178967765,caead748-e36c-4749-ac4d-95513415ec6c
0.4197627485118969,a63e5eb9-d77a-4102-a34b-8966b4b8eb9e
0.18014152613929305,4f314322-e5b2-49f2-bb1b-211a71edd131
0.3314633889830163,a40b72df-f124-4e2e-a3fd-71f3aa4df586
0.293743388504838,0f15229a-9ec4-418d-860a-ab7d9994a961
0.2121263325423162,89f6577a-7cdf-4be9-90f2-ceb8c9c663d9
0.4289070391775401,0a5306cd-843f-4599-a4af-a74ed1bef862
0.06587217349476604,77f10e7a-ed2c-411b-9826-c788688bbb35
0.06476154875281637,24a2f762-7edc-4651-9ad9-53eebe6f7550
0.15373342265553538,47520f98-a8eb-42d0-ae80-068d5e98c0bb
0.21597137829634858,7df8eadb-de84-494f-9dd4-43c10655b677
0.2497153700279316,24ac03b0-9d79-4cf7-9971-4b40523963e4
0.034366864675141384,162f0184-305f-45d7-88b4-5cbe6533d470
0.08191823749293153,40c2987a-13a2-451d-98e3-c137d069842a
0.12525044778703268,4319da0d-9502-4f94-b272-64ebe0a9da4c
0.1656533971290529,90412865-899d-41dc-8d03-1f86157e7143
0.09534739300370375,cbc6a90b-7b36-4c95-9046-c3a707af42ea
0.016045235952939687,1be9cfb7-e53c-42be-ba64-0348efd5ada9
0.14476963261269812,0448e506-762b-4945-a210-07808a9ed8f4
0.19130786852153572,ef8b407a-a443-4fe4-a2f1-ca3b56ca13ab
0.26151865549686554,ba4e86e3-9634-4bd4-bb20-0169eead533a
0.3457094657848942,33613f5b-cff2-480b-ba09-7b2d6658621a
0.06476154875281637,a1749fbc-ee45-4890-b987-ceeffa4b0ef0
0.06476154875281637,eafcaf95-3c3a-40c1-81f7-2d2361cdad65
0.043515884727538506,d4fe54a5-ac17-4f69-bc4d-6cd13243d5be
0.16956769947070763,4b22a8e5-54f3-4e26-af85-51a8771c6201
0.15705007679760363,9f54e99d-2470-4625-bc1f-2c237af39f45
0.12099225287268527,88bc86e4-d969-4be9-abe5-bf9d610b9666
0.18972467435263962,717c5b0a-547c-4428-a19b-1a8def3f2ce0
0.31728389026167786,dd94c3b4-890c-45c1-81c3-d85ceacf1bdf
0.05522669333111539,7972bb6b-a67f-4f3a-8158-067b01a5dba8
0.34856578902062646,b15e3a5c-e1dd-4e7e-a38b-e85f6dbe8464
0.47331066812240313,63ab08d5-04c1-4b87-bf77-ce574c776404
-0.01177044805088249,7c1bbe45-20ef-492d-995e-186f7202a3de
0.02989111075783951,262a0a23-3c4b-4b2e-80ac-4883dcfd17ba
0.25836459564316294,889c33b0-12ab-40d2-ac28-651cd51fda3f
-0.005398963733173756,c86eceff-0ef9-4d9e-b541-44e3ac666fb9
0.4328287595229134,c299d564-afc5-465b-afb2-67166779db49
0.08234697356586815,967d97db-0036-42ed-8e06-361703a1d6c2
0.25921171566110995,0988ec1c-7925-473e-beb6-26d3c3dcf6d3
0.08764433308544724,70c77d84-b5c6-4b4d-9f6a-f90f1d3664da
0.2129158691589044,2175e77c-b977-4dd0-b946-641e236711e0
0.35538805006512164,7e62aeab-50ba-4dce-849f-d5c620e70c26
0.20475041597635932,78419c8b-1e79-46cb-8258-c72701a7ba76
0.14958425545085363,a29b240b-579e-478d-a08c-aabed8eb2b67
0.3381788600235295,4440c297-ce73-4799-8f0a-e9c52a10eda3
0.21400242042473913,b2e9ef93-2fe6-4275-8a7f-d24ef0368e83
0.1769173819941647,69aabc04-ed95-4d9c-8180-7e6ae18d7b86
0.14549670243007834,2f4c4547-f4a3-4eea-97a0-b3dc9ad47f7d
0.29187395438738606,1ed94f29-1ded-42d2-a20c-01f3091a1853
0.06476154875281637,82a06988-770a-432f-a4d2-4c418f159d61
0.19555387702024013,8c85950a-fc81-4a8d-8233-8541d27d9148
0.10896565241729471,c82a37e2-d3b8-4814-a48e-23acb9510770
0.09863266960445152,013bcdf1-fcc5-4f88-be50-2e971b7ecf88
0.23908670117200986,b19df4fd-ea21-490f-82c2-9184d640df95
0.39971929009126217,3051d252-6e1f-4b0c-86b6-e72cf0f27b36
0.2662478367863988,b54fc106-aa6c-4631-a0b2-ad101f05383d
0.19792404479822764,b3f9f657-293d-43eb-bbf7-68d35ad8b8a4
0.09447429157310192,895e4abc-19de-4e9a-974a-331fb0af28cd
0.2640989584045976,3298d2db-a079-4bdf-9ecf-499235f20653
0.01805635791402879,b1e7766d-63be-4a6b-88c2-0f50bae392c0
0.4629434961999445,7ee0c537-6e59-47c3-8df0-1cc3f4a37a98
0.03648331040996099,bf607b71-46c5-417e-8c57-2150dd2575ce
0.26202438391231797,f9fd6de0-29e6-4099-82fd-e8e0744e6cd1
0.0028387101294060774,49fd98fd-655f-48fb-b8e6-0e644639b9ad
0.5196954552492077,0650a1d3-dad6-4798-905a-7a2b33bcb998
0.3242803603544684,0a57bc04-325a-4a07-9c47-3f2f5c903530
0.5077331285245664,cab5b2b5-ca11-4d30-b356-188752d087ff
0.47390293772677555,177e53d5-d5ff-4a20-a485-2c710404cd09
0.11742534997330727,747228f1-c694-474b-bba4-aa8bc2be009a
0.05964730213118237,0aee09a3-7e49-4acf-8704-8d3823f863d6
0.1800191618592879,d5d96c09-697b-48b3-aa36-837d7d5f1cce
0.0443439213386007,00864c16-b938-4ac4-9905-e8700f0e608c
0.12732929666178303,a13d68ce-bebb-4d01-a684-4a353da892e0
0.1208878978330493,0ceaca90-975b-4805-8639-348eb874c9ab
0.13590533442717947,59da9cbf-e5b6-4f75-a8d2-a44f98916754
0.13010838087529186,4f972f9b-0dc0-404b-b266-d999769e316f
0.1427242829319356,246dce46-1563-433f-944b-c6def043a333
0.03885056818155867,0cb5aa23-5f5b-4997-93a2-50c209d67b5f
0.08420344706112509,c92fbe38-1c2e-420b-a7d8-7f15cfbc392d
0.10435412259357185,ed1c54bf-5226-4bdc-970f-bf9fa3f4826d
0.21857302939530576,104b5fcf-e5b8-490b-a48b-51d4c073b4d6
0.3291382362431795,26fc19b8-1ab1-4a69-878f-bcc1e3e8e548
0.23566995440330557,419ffbce-1938-4578-8b44-ce8f5ae72ede
0.17183577392539878,ba01e8a7-61a0-443f-9b8d-9ff0b5024d3f
0.08466481731829245,13f3bd8d-c557-4248-b6e3-b9807f624ef4
0.2473798223792414,f69cc7b6-dd66-4f39-a6ba-b68c8e3bc5d7
0.06476154875281637,fcf4688f-c11e-48f8-bba4-087845d98954
0.30442948868576775,0f798f1a-ae6f-488c-bb4b-46e407dc96f4
0.08923132677048931,b379b9ed-d24a-48e1-a4c6-15ff7c1c8c9b
0.38999421599001033,001b6f31-58c2-49bc-8a43-d8658a6e32b3
0.10976341601727206,5ebc76a1-e91f-485e-88a9-ba1281cf985e
0.2387408059845676,22762023-4541-4210-9db3-c0801e38c7f5
0.12221857236695922,29458bfb-731f-4841-8bdf-79d6be8bfba2
0.204518923949358,ae5e6476-3390-4ac8-8532-5937ee8fe563
0.25112641791856366,167c3170-574d-4d93-85de-5b50379ab51f
0.09160791285607973,15d5b5ae-8cea-40ea-8c0f-7eadb55036ee
0.23742543008793682,9a899659-0766-40b9-a592-425e6e1c689b
0.13414177208948824,37ddb096-c315-4fa7-bb69-e3aa1394942d
0.28560662970147926,3af59697-bb0c-4e60-ac22-649c279e3535
0.046390647133109225,f1fd94a9-aa8e-4b55-9532-0f21462cb464
0.06476154875281637,364ab5f4-e1e1-477e-8bbb-be4786fc745b
0.18281976418355586,6bb0c8ce-b11e-4827-af1b-47a7b5b8277b
0.0776298645776615,af0fc298-f58e-4e86-86a9-d068ccfe7674
0.16820791353911607,d8b6c0fb-e00b-4213-be3a-bdb6a5bf9433
0.4275456584237842,24c89fcc-27ac-4c91-95a7-08234138cc67
0.14678410821034732,73746d15-b10f-4ee3-8d17-486cbe0fc885
0.12805411474581677,35c6b7f5-231b-481d-8a2d-f1240a95e70a
-0.0130984340226818,c176d9dd-06b1-4bdf-b905-1b4d6f1a7cff
0.1706586279213114,4be12d7a-e51a-4e6c-9678-9b1e5cced585
0.2261711553955606,88f906a7-fee7-4bb0-8125-4ef3cda2332a
0.2064451279474238,38bb3d62-295f-47b2-8023-b2dce6e6f55c
0.033243592631349655,854cf1e1-077b-4872-ba88-2fe968be3f43
0.15927344096069226,491df66c-c9dd-4a89-8f42-0f9e8e55be69
0.44747863446815644,839d7da1-8ca1-4ac2-a0d9-b72f643d7d97
0.07363672097477975,2c694bf5-028e-4633-b026-27cd98450aaf
0.13979721890353772,0e4f59ea-22ba-4727-ba75-61032883703a
0.20787472999292392,225ef5bb-ff68-4bbe-a8d2-a118e3ffd30d
0.0579917962382647,cac39489-c382-4d97-b51f-cc11c090b0c1
0.1375931950290642,60607528-7665-477e-8d32-9f48ae12e8ab
0.0343418731019112,72536488-1354-415c-b276-e7ffb7ad34cc
0.12506351900516519,f254d8c2-4719-455e-ba31-3ad91e0694fa
0.14160432915599866,99bf2abf-4b3b-469a-a49c-ead12a1eabf4
0.15270491649920837,9d6e3135-33b1-4278-9e10-84008146d655
0.14206914136514562,2193bc3d-2797-4f9f-ab7b-0e83e816c513
0.03189354954214231,e3a5ba37-0263-47b4-af72-b3c6cebdc2cc
0.3985097063737471,521b85fd-8a66-4a7b-87a9-8364a2c49811
0.019857766532707367,595fb26b-8823-4ecf-8429-d1939d52c1b1
0.3862927693189389,bbd55e68-40e1-4a42-a9ca-1eedba30c897
0.01280300135988549,57a779ea-1402-4eed-8acc-183ed05a5082
0.0015526802650546387,b7ba3ea9-a09e-4729-8df3-0932157fb580
0.5540238015885195,52f4f26f-a239-404e-9b58-b58918ac0867
0.21289229245696287,64666262-5ab7-43c9-8e9e-d2ad3eb699a4
0.15289759991726468,2ace9aad-56a3-4552-9c42-0fed86481fca
0.09429759446537488,90fbf045-736d-4af2-a7d5-81ee6e71bcbf
0.0961561109184811,5be03608-76e7-46ac-b7a4-664949004821
0.11552172468356502,d1494e91-16d2-4d8a-8631-0ae6637933ba
0.1437656234033634,710cba21-3186-44ee-a155-1a6d908ef54a
0.04645278869743508,7c298e26-fa44-48b2-822c-c826a70f4a5a
0.27557166150642654,4987df27-335e-4b95-8054-c8b52c3ea686
0.11335324549133523,75aeeb4c-a64c-4b7c-9bd4-20c1ad56fec2
0.06681032669212095,3a865710-b004-4923-87ae-822090903265
0.4013371128826095,f63e6d5c-54a9-4eb2-9fb5-c8e7e3c0bce1
0.22656020013596526,6ad18fa2-6593-4ecd-a927-dc67fca7a8b8
0.09929702843494377,33671c32-6071-492c-ac41-d7e1d07cc2eb
0.138918603792346,4d66d30a-b3f0-4d0d-869e-fdc8f8127f60
0.6072597683498964,9e30cba0-9c22-4eae-a001-2554ef136e22
0.306407888324167,3878f693-0630-4753-bc69-5710b7853201
0.1010170947747552,30c33690-3a67-4415-8e46-91553e665ee1
0.34009264020203656,4e3891ab-4d8d-4ad2-887a-ebb74c12934d
0.265449808212558,ad85deee-e07b-4aa6-b62d-41e9499aa693
0.11763942809717491,2ed3d880-4d14-40aa-acf7-2e2b26407b1b
0.5401672992678919,87f5d3b9-855d-4be4-9e7f-24c3f2197dc8
0.13796266967587476,f4a3a1ce-02be-4be3-85c8-1041bcb0d608
0.2991885586818869,617b3364-12a3-4f2b-99f6-1da94a4cec7d
0.510976146553117,efb461b6-3cf6-401e-81d8-f871400e6c7e
0.06476154875281637,ebdebf10-b236-40e4-af97-75722312e0ae
0.07066573637140387,aece46a6-ff06-40af-80ee-66b62a3f3e84
0.06476154875281637,2b259542-ae4f-4aea-b3a6-28e60ca34794
0.35712051506922027,adf22e42-ebfd-4fc3-a922-c3d1f71c8ead
0.28086302433360727,d10c29f9-bd42-4dee-a6c9-91c67ee97525
0.41673574614112274,af217745-25dc-4edc-b0d7-2d07ff9e3152
0.06476154875281637,a3e37f34-6c47-4f98-9c1d-32d11df743e0
0.3429010040658203,4dbb4917-97b3-44bc-8c0c-612076169841
0.0048289546072402025,2cb468ce-f4fe-4619-9352-5ad07b0cb985
0.13062188034776662,d74030af-8150-47b8-973f-b4a2ff40c8f0
0.10975579896469771,4a02396b-8ee9-43a8-9200-56618ede50d3
0.09105572468711823,2db41a12-208f-4e98-89ed-d3c6f3314a8a
0.052470017060806534,84aa4127-aa13-4f9d-af2b-0fa91f831909
0.21912880156404152,5f323e3b-c26e-4613-9c0c-b7270075daab
0.02235302748225305,581398c9-2ed9-4e37-b3ac-7fcc183e2baa
0.14436658406230682,ff689b17-a210-4bfc-b780-2d7c792898ba
0.06476546939887527,4a51199f-8a19-47be-86ea-2e8bf199b5e4
0.13478012593315375,f742f668-4e8d-4499-8cc5-157b69b2c318
0.21040407320094848,4c12662e-1cae-4b10-97db-c57098917b54
0.06871298037755731,e2cbc531-8454-47ef-b188-c029a7c71b2d
0.862921067286564,15a8c654-f8fa-4b55-ada4-5738ce3cea65
0.36183840635009434,8546df98-1dab-48a9-87ea-1bd45509e33a
0.08657946773097536,ebbe744f-1d8d-4359-8c4a-07d785de6271
0.16686211420156544,d338f5b5-aa61-4258-bd27-bc93c5699de9
0.40595187404020733,691b8c41-00cd-4643-bcc6-30b629e38046
0.2785745087290031,6a9708b6-1419-4552-9d78-5671eb138240
0.016380091802221792,593cbfdc-0c10-4bb7-8a0e-ac987eeeae49
0.10565409584572004,ff59d545-2e9b-49f7-9f4e-ebae5f12b91f
0.527119078697226,72259898-4e68-4a6a-8504-c68bf4a12b6e
0.20916245844305412,011d6462-9c7f-46a3-a218-157e710bc297
0.1445190383438395,1153887a-bb70-49cb-a5f2-e6a07141815d
0.020042164089994163,718c5d17-ff00-430e-9a88-572357855fec
0.1931516825193248,bb0583a3-4372-45fc-a055-038a576899ac
0.2740907777742366,45a2064a-2819-45cc-9d79-e00435d58ba6
0.06476154875281637,632b3f46-3042-44f6-a90f-2f79d427acb1
0.3292106742806627,d4630c81-3fe2-4397-99d8-84b97e47727c
0.08685357985008746,9694b93e-1205-4c70-a61b-3de1e8ca41f2
0.046319715854473684,2bef973d-fbb7-486c-9cf1-86662cce375e
0.003710511705639137,708e8338-2d60-4304-805e-26779c3d3b6f
0.26020330225274985,98513454-50da-48f7-b782-b555d433a1c3
0.11051631395826504,f0eab112-9168-4ce8-9ffc-dd0a3c113216
0.23406768934512923,de46b484-6073-4716-b097-c9257b78e1ce
0.015650538274339276,6467231a-5fe0-4695-bfd9-b848b3aa2af2
0.46664638816864706,47c4c552-e15a-44a6-b36a-9d2d90ee29d8
0.03193954613093897,bae64978-cb51-4321-a440-64a102182126
0.23680962958042973,bd5857b0-3c3a-456d-8498-2a93b061825c
0.07197772600134268,e45ea6ab-230e-4ae8-b7dd-15ac80aef195
0.38897723995252265,7a9fb8ca-59e6-45b9-bbae-9caf45d182d2
0.05696720753827719,49584e20-072f-44da-8e2e-38e07b5f9d4f
0.20050062473350488,2793ce04-ec6f-4b05-b428-7ea846964e5a
0.1321558789202904,4f2b20d1-7bc2-4e10-be45-3f2b19cd4bf8
0.1279813176306109,e4057308-fcfb-4c94-b08b-65232c7c0ae9
0.3124833085357899,387355f5-3900-432d-8690-8bc917d6c3ae
0.2964070307554685,187da0bf-0c94-42f8-ae8d-ff2a6c2bd70d
0.14356737729440897,6d7957ef-c2c5-470e-87bf-bead2f074148
0.18871998609600563,39094842-4a54-44d5-8f5c-897bb206b981
0.37926869414374625,2386a705-b81b-4310-83f4-820e15330222
0.22055962981934968,59fc289a-465e-4525-9311-265a23d82814
0.06476154875281637,27f0a278-e199-42b5-90e8-1aad703007c0
0.3780714428463103,6d3c7df8-0c21-4748-8218-342a6ce54d97
0.4522333263201014,2d8d3813-115a-4695-b619-18d6c73d02f5
0.8405490314190133,893a40d4-59c4-4a5d-aa52-4bb7a115cb7d
0.05587212180378699,90696f94-3e2f-4049-a9a8-1c7473c076e6
0.10213345814005431,7d6e9abe-8803-4662-9ca4-e15e90dffc3b
0.06476154875281637,5356cfad-e286-48b1-b537-e866b8366216
0.34494185418738116,41f890f0-581c-4081-841c-d9e18d69f66c
0.13237449413998836,8496479c-8889-4c93-92b6-90fbec1d64e0
0.2881659207005741,472a5a89-bea5-4b86-853e-5b1ec5970b67
0.13299794153680355,53183193-bc5a-400f-bf0f-a2ceaa9dee3d
0.0651923199797983,49073fde-34fb-423a-9789-5fcb3165e779
0.057455478087829776,3fa4839d-3fbf-4621-81a5-60daaefc69f4
0.1197875021357624,40b4e983-3f12-4a2e-a562-9b179f21154e
0.02973006888510953,95318505-7b3d-408d-83c6-f816d338ccb5
0.21640584628129314,d6364c62-70e7-484e-9fec-7bc986a222dc
